lottery_type,period_id,front_1,front_2,front_3,front_4,front_5,back_1,back_2
dlt,7001,22,24,29,31,35,4,11
dlt,7002,15,22,31,34,35,5,12
dlt,7003,3,4,18,23,32,1,6
dlt,7004,6,10,16,17,25,2,4
dlt,7005,1,9,19,20,30,2,11
dlt,7006,1,16,20,23,28,3,6
dlt,7007,14,16,25,26,35,4,9
dlt,7008,2,8,11,21,23,4,7
dlt,7009,1,3,9,19,34,9,12
dlt,7010,6,8,18,29,34,9,11
dlt,7011,29,32,33,34,35,9,10
dlt,7012,3,12,15,29,34,7,11
dlt,7013,12,17,27,29,34,6,9
dlt,7014,1,2,7,29,32,6,7
dlt,7015,2,8,12,13,17,11,12
dlt,7016,1,14,19,24,31,3,12
dlt,7017,13,14,29,32,34,3,12
dlt,7018,3,4,16,23,28,6,9
dlt,7019,3,6,17,22,23,4,6
dlt,7020,2,6,11,12,18,5,12
dlt,7021,2,4,24,29,33,1,2
dlt,7022,8,10,12,23,25,3,10
dlt,7023,8,10,23,32,34,8,10
dlt,7024,6,16,20,25,31,4,9
dlt,7025,22,24,26,27,34,2,10
dlt,7026,5,9,13,33,35,1,8
dlt,7027,2,3,10,19,27,6,10
dlt,7028,20,26,30,34,35,3,10
dlt,7029,15,22,25,29,35,9,11
dlt,7030,11,14,27,33,35,2,7
dlt,7031,3,21,27,31,32,6,8
dlt,7032,1,13,21,23,32,4,11
dlt,7033,1,5,8,14,22,3,12
dlt,7034,6,8,11,13,33,1,11
dlt,7035,7,11,16,31,32,2,12
dlt,7036,15,18,21,27,34,1,2
dlt,7037,1,6,7,17,31,11,12
dlt,7038,6,21,25,27,32,8,9
dlt,7039,10,20,11,21,35,7,11
dlt,7040,5,21,25,28,35,1,4
dlt,7041,3,16,17,22,35,1,8
dlt,7042,7,10,22,31,35,5,6
dlt,7043,4,9,22,34,21,2,10
dlt,7044,4,5,7,12,26,1,6
dlt,7045,9,16,20,26,35,11,12
dlt,7046,4,16,18,23,30,1,10
dlt,7047,1,6,15,19,35,2,9
dlt,7048,8,26,25,29,35,6,8
dlt,7049,9,10,15,17,32,4,6
dlt,7050,13,22,21,30,35,1,11
dlt,7051,3,7,24,28,35,8,11
dlt,7052,1,16,29,23,21,1,10
dlt,7053,11,19,16,21,35,3,10
dlt,7054,4,19,10,29,34,3,6
dlt,7055,10,16,24,31,33,7,10
dlt,7056,4,11,17,20,21,5,9
dlt,7057,14,30,16,32,35,6,7
dlt,7058,8,21,25,28,33,2,6
dlt,7059,4,15,23,31,33,3,9
dlt,7060,12,13,29,30,31,4,7
dlt,7061,2,10,19,28,29,2,9
dlt,7062,1,4,10,14,29,11,12
dlt,7063,10,31,33,34,35,7,12
dlt,7064,2,16,32,33,35,5,10
dlt,7065,19,20,24,29,31,9,10
dlt,7066,4,7,8,19,24,7,12
dlt,7067,11,18,25,30,31,4,9
dlt,7068,4,9,13,14,33,6,10
dlt,7069,2,13,16,21,35,1,5
dlt,7070,7,26,29,30,35,3,4
dlt,7071,10,22,32,33,35,1,7
dlt,7072,21,24,26,27,33,1,5
dlt,7073,4,5,9,12,23,2,11
dlt,7074,16,17,23,24,31,5,10
dlt,7075,5,11,20,30,32,7,11
dlt,7076,2,9,12,15,31,9,10
dlt,7077,4,6,12,13,24,1,4
dlt,7078,9,12,14,22,23,1,2
dlt,7079,6,9,25,26,31,2,8
dlt,7080,1,15,20,25,27,5,10
dlt,7081,6,18,20,22,35,4,9
dlt,7082,3,5,14,33,34,7,8
dlt,7083,1,5,20,21,24,3,4
dlt,7084,5,11,18,29,34,10,11
dlt,7085,17,24,28,29,33,2,5
dlt,7086,14,18,19,26,28,3,9
dlt,7087,8,18,30,31,33,4,9
dlt,7088,17,18,21,23,33,6,10
dlt,7089,8,13,24,30,34,1,12
dlt,7090,4,20,24,31,33,9,12
dlt,7091,7,12,26,31,32,3,8
dlt,7092,6,19,27,28,29,6,10
dlt,7093,6,8,16,25,27,8,12
dlt,8001,1,2,11,34,35,3,10
dlt,8002,1,12,24,31,32,10,12
dlt,8003,1,11,13,32,35,2,7
dlt,8004,9,22,24,31,33,8,9
dlt,8005,18,25,29,31,34,9,10
dlt,8006,10,12,26,29,34,5,7
dlt,8007,3,4,5,12,28,3,12
dlt,8008,2,6,8,17,32,8,9
dlt,8009,4,8,12,24,30,5,8
dlt,8010,6,23,24,27,29,6,8
dlt,8011,14,20,22,24,27,7,10
dlt,8012,2,10,29,32,35,2,3
dlt,8013,1,11,19,22,35,5,9
dlt,8014,4,7,10,28,34,1,6
dlt,8015,9,18,20,27,33,6,9
dlt,8016,8,10,11,17,19,6,9
dlt,8017,2,14,25,29,32,1,6
dlt,8018,3,6,7,11,30,2,3
dlt,8019,8,24,25,29,31,4,5
dlt,8020,4,5,15,17,33,4,8
dlt,8021,5,10,13,21,24,4,9
dlt,8022,9,12,13,25,31,8,10
dlt,8023,6,26,31,32,34,7,10
dlt,8024,8,12,17,20,30,1,2
dlt,8025,6,10,12,15,28,4,12
dlt,8026,1,21,22,24,25,8,10
dlt,8027,5,17,23,31,32,4,8
dlt,8028,3,11,17,19,26,7,12
dlt,8029,6,11,18,29,30,4,11
dlt,8030,3,21,23,26,35,5,8
dlt,8031,14,20,23,27,28,2,4
dlt,8032,3,9,19,27,33,9,10
dlt,8033,3,10,21,23,30,1,9
dlt,8034,6,7,18,34,35,5,10
dlt,8035,2,12,13,29,30,5,7
dlt,8036,9,19,22,30,32,1,10
dlt,8037,11,20,24,31,35,4,10
dlt,8038,12,13,19,32,33,2,10
dlt,8039,7,11,15,27,35,4,7
dlt,8040,4,8,19,22,29,8,11
dlt,8041,7,17,21,22,28,5,10
dlt,8042,5,10,13,32,35,4,5
dlt,8043,5,8,10,31,33,2,4
dlt,8044,2,21,23,27,32,10,11
dlt,8045,14,32,33,34,35,2,4
dlt,8046,11,25,26,27,35,7,8
dlt,8047,12,18,22,23,30,6,12
dlt,8048,1,13,22,25,27,2,10
dlt,8049,1,11,14,28,30,3,10
dlt,8050,1,5,11,26,27,3,7
dlt,8051,1,7,9,11,33,3,11
dlt,8052,3,18,19,30,35,5,9
dlt,8053,1,13,21,23,32,3,6
dlt,8054,5,14,23,31,35,2,6
dlt,8055,2,14,28,30,35,4,12
dlt,8056,15,19,25,30,31,3,9
dlt,8057,5,8,9,17,33,5,6
dlt,8058,3,9,11,29,33,3,12
dlt,8059,7,13,21,25,31,8,10
dlt,8060,3,13,17,23,30,1,11
dlt,8061,7,10,14,19,32,3,6
dlt,8062,1,15,27,28,29,3,10
dlt,8063,7,11,24,30,35,6,8
dlt,8064,14,18,24,27,31,6,7
dlt,8065,19,22,23,25,32,6,12
dlt,8066,2,7,21,22,25,4,12
dlt,8067,3,10,14,15,22,4,7
dlt,8068,6,9,11,33,34,6,10
dlt,8069,5,13,16,29,33,6,8
dlt,8070,9,17,18,21,31,1,5
dlt,8071,1,5,11,14,25,1,9
dlt,8072,10,25,32,33,34,3,9
dlt,8073,2,5,6,7,31,8,10
dlt,8074,10,13,22,31,35,4,12
dlt,8075,1,10,13,30,33,6,7
dlt,8076,3,5,10,27,34,1,12
dlt,8077,1,8,21,33,34,5,7
dlt,8078,8,17,20,28,31,7,11
dlt,8079,20,23,26,32,33,5,12
dlt,8080,6,9,29,31,33,5,11
dlt,8081,7,8,20,22,29,4,7
dlt,8082,15,19,29,33,35,1,2
dlt,8083,6,14,15,30,31,3,10
dlt,8084,2,17,20,22,25,5,11
dlt,8085,3,7,13,15,19,2,10
dlt,8086,1,6,10,22,35,3,7
dlt,8087,14,22,32,33,35,1,5
dlt,8088,7,11,19,27,31,2,3
dlt,8089,8,13,24,32,33,3,9
dlt,8090,4,11,18,33,34,2,6
dlt,8091,9,13,19,22,25,4,10
dlt,8092,3,23,26,32,34,4,9
dlt,8093,6,7,10,24,30,5,8
dlt,8094,7,12,19,27,34,11,12
dlt,8095,3,4,11,21,25,1,7
dlt,8096,6,7,12,25,28,2,12
dlt,8097,1,10,31,33,35,3,10
dlt,8098,7,10,22,27,33,4,8
dlt,8099,3,18,23,25,30,6,10
dlt,8100,12,20,26,29,30,2,6
dlt,8101,10,13,23,31,33,4,11
dlt,8102,5,25,26,29,35,3,10
dlt,8103,2,11,22,30,34,4,9
dlt,8104,7,8,10,24,34,8,11
dlt,8105,12,21,22,26,35,4,5
dlt,8106,3,5,21,28,33,2,6
dlt,8107,1,2,13,15,16,4,9
dlt,8108,11,16,24,29,32,9,11
dlt,8109,1,10,18,28,34,5,8
dlt,8110,5,16,25,27,33,4,9
dlt,8111,2,11,12,14,19,5,9
dlt,8112,4,18,26,32,33,5,8
dlt,8113,11,14,17,19,22,1,8
dlt,8114,2,3,22,27,31,6,7
dlt,8115,7,9,19,21,33,7,10
dlt,8116,6,8,15,24,31,1,3
dlt,8117,13,23,24,25,30,2,8
dlt,8118,6,9,19,25,30,6,12
dlt,8119,1,2,10,19,27,1,11
dlt,8120,21,23,24,25,32,3,4
dlt,8121,11,23,24,32,35,4,10
dlt,8122,3,6,12,20,29,9,12
dlt,8123,1,6,12,28,31,8,9
dlt,8124,2,10,13,29,33,6,10
dlt,8125,1,4,28,33,34,6,11
dlt,8126,9,29,32,34,35,1,8
dlt,8127,8,21,22,31,33,1,7
dlt,8128,12,15,23,24,25,10,11
dlt,8129,13,16,20,25,27,4,5
dlt,8130,3,5,22,29,34,7,12
dlt,8131,8,9,12,21,32,7,11
dlt,8132,6,14,24,27,29,5,9
dlt,8133,10,12,15,33,35,3,9
dlt,8134,11,13,15,28,35,8,10
dlt,8135,7,22,25,29,33,1,12
dlt,8136,3,28,29,32,34,1,6
dlt,8137,1,10,25,32,35,5,9
dlt,8138,4,5,18,22,35,7,8
dlt,8139,1,6,10,14,22,6,8
dlt,8140,2,9,11,29,32,8,9
dlt,8141,9,15,18,30,34,4,5
dlt,8142,6,18,21,30,35,8,9
dlt,8143,1,2,22,29,32,1,4
dlt,8144,10,19,27,28,33,5,12
dlt,8145,5,16,27,29,30,5,11
dlt,8146,9,23,24,26,33,7,12
dlt,8147,16,18,19,24,35,11,12
dlt,8148,3,7,20,33,35,4,7
dlt,8149,2,5,6,27,29,3,4
dlt,8150,1,9,10,15,25,3,8
dlt,8151,7,10,27,31,34,8,9
dlt,8152,3,5,14,20,33,7,11
dlt,8153,2,4,6,25,26,2,5
dlt,8154,5,7,10,29,32,4,6
dlt,9001,1,15,23,27,30,4,10
dlt,9002,1,4,7,12,30,5,10
dlt,9003,16,18,23,30,32,2,11
dlt,9004,1,3,22,32,35,6,10
dlt,9005,10,11,15,31,32,5,8
dlt,9006,2,4,22,31,35,9,12
dlt,9007,6,14,15,29,35,6,11
dlt,9008,4,17,21,29,31,2,12
dlt,9009,12,18,23,26,32,6,9
dlt,9010,2,9,12,21,29,7,11
dlt,9011,2,11,13,14,21,2,4
dlt,9012,2,5,20,25,31,10,12
dlt,9013,5,24,26,30,35,5,12
dlt,9014,8,14,15,25,26,7,9
dlt,9015,1,5,10,16,27,3,4
dlt,9016,10,11,20,26,27,9,11
dlt,9017,5,11,23,26,33,4,12
dlt,9018,1,6,13,28,29,3,9
dlt,9019,4,29,31,32,35,4,10
dlt,9020,5,16,18,32,35,2,11
dlt,9021,1,15,31,32,34,3,8
dlt,9022,12,14,17,34,35,4,11
dlt,9023,15,17,21,27,33,7,11
dlt,9024,29,31,32,33,35,10,11
dlt,9025,3,17,22,23,33,4,10
dlt,9026,24,30,31,32,34,10,12
dlt,9027,3,22,26,33,34,9,10
dlt,9028,6,20,30,32,35,9,11
dlt,9029,3,4,13,17,24,4,11
dlt,9030,1,7,27,30,32,1,4
dlt,9031,7,11,19,21,22,1,11
dlt,9032,4,12,20,26,29,6,10
dlt,9033,2,8,18,21,32,8,11
dlt,9034,5,19,31,32,35,4,9
dlt,9035,3,7,9,28,33,3,8
dlt,9036,2,12,26,31,33,9,10
dlt,9037,17,18,19,25,31,1,11
dlt,9038,6,17,20,29,32,4,5
dlt,9039,1,3,7,10,33,3,4
dlt,9040,3,16,30,32,33,1,10
dlt,9041,5,9,20,23,29,4,10
dlt,9042,11,24,25,26,31,2,7
dlt,9043,5,21,22,32,35,2,5
dlt,9044,1,7,18,29,34,3,9
dlt,9045,1,9,14,24,35,6,9
dlt,9046,1,9,24,34,35,4,9
dlt,9047,13,18,21,24,29,3,6
dlt,9048,5,6,22,25,27,11,12
dlt,9049,5,16,28,29,34,11,12
dlt,9050,5,15,28,32,33,8,9
dlt,9051,3,11,22,26,29,5,12
dlt,9052,23,24,30,34,35,1,3
dlt,9053,5,9,24,31,33,5,6
dlt,9054,2,12,19,29,30,7,12
dlt,9055,5,8,14,23,24,5,6
dlt,9056,4,13,17,32,35,3,6
dlt,9057,6,15,22,27,30,2,9
dlt,9058,8,10,14,27,32,2,7
dlt,9059,2,13,14,29,33,4,11
dlt,9060,18,28,29,30,31,4,8
dlt,9061,2,10,21,26,34,2,10
dlt,9062,4,22,23,29,31,5,11
dlt,9063,5,6,18,21,22,1,7
dlt,9064,6,10,11,17,34,11,12
dlt,9065,1,12,24,27,32,2,11
dlt,9066,1,8,19,24,31,6,12
dlt,9067,3,6,25,28,32,2,5
dlt,9068,2,12,15,20,28,1,12
dlt,9069,14,16,27,30,33,8,12
dlt,9070,10,21,24,30,31,3,10
dlt,9071,4,20,29,30,33,2,11
dlt,9072,23,26,29,32,33,5,10
dlt,9073,1,10,19,21,30,1,4
dlt,9074,15,17,19,23,32,1,11
dlt,9075,1,7,11,32,33,9,11
dlt,9076,3,9,11,18,24,4,5
dlt,9077,7,20,28,32,34,6,8
dlt,9078,11,23,26,31,34,5,11
dlt,9079,1,2,7,13,34,4,10
dlt,9080,7,16,19,29,35,2,11
dlt,9081,2,15,20,25,33,3,6
dlt,9082,5,11,26,29,32,8,11
dlt,9083,2,5,28,34,35,1,7
dlt,9084,5,9,19,26,35,2,10
dlt,9085,6,13,27,33,34,9,12
dlt,9086,1,2,7,26,29,10,12
dlt,9087,10,24,28,30,33,1,10
dlt,9088,13,16,27,32,34,3,9
dlt,9089,3,6,11,19,27,2,7
dlt,9090,18,25,30,33,34,4,10
dlt,9091,1,5,17,32,34,3,7
dlt,9092,10,21,22,27,29,8,12
dlt,9093,7,9,22,30,33,9,11
dlt,9094,1,5,21,23,29,5,12
dlt,9095,8,18,24,30,33,1,6
dlt,9096,7,12,28,32,33,1,3
dlt,9097,6,13,14,22,25,1,4
dlt,9098,11,17,19,25,26,2,10
dlt,9099,3,9,21,23,33,6,10
dlt,9100,16,20,25,29,33,1,8
dlt,9101,2,10,14,22,26,4,9
dlt,9102,11,13,29,32,35,10,12
dlt,9103,16,20,28,32,33,1,2
dlt,9104,15,25,29,32,33,10,11
dlt,9105,1,25,26,34,35,6,11
dlt,9106,11,21,22,25,34,6,9
dlt,9107,11,12,33,34,35,1,10
dlt,9108,1,9,14,29,30,7,10
dlt,9109,2,11,13,26,35,6,10
dlt,9110,22,28,30,31,34,7,9
dlt,9111,4,11,13,19,35,10,12
dlt,9112,2,8,12,34,35,4,5
dlt,9113,3,4,10,18,27,6,8
dlt,9114,2,8,25,29,33,3,7
dlt,9115,1,2,6,8,26,5,12
dlt,9116,12,15,23,30,33,9,12
dlt,9117,7,21,29,31,33,9,10
dlt,9118,10,17,18,21,34,5,11
dlt,9119,3,12,22,23,28,4,12
dlt,9120,11,23,27,28,32,2,5
dlt,9121,4,5,8,11,22,2,10
dlt,9122,1,2,11,31,33,5,6
dlt,9123,10,21,28,29,32,6,10
dlt,9124,1,3,14,32,35,7,11
dlt,9125,8,20,23,29,31,2,11
dlt,9126,14,23,27,28,33,8,12
dlt,9127,5,9,27,32,34,5,8
dlt,9128,6,21,28,32,34,4,7
dlt,9129,2,10,18,32,33,3,8
dlt,9130,9,14,25,32,34,2,8
dlt,9131,2,3,8,33,34,3,11
dlt,9132,2,10,12,15,28,4,7
dlt,9133,1,8,24,27,34,10,11
dlt,9134,2,16,19,28,33,7,11
dlt,9135,6,8,15,20,32,5,6
dlt,9136,7,13,23,24,29,6,10
dlt,9137,12,28,29,30,34,1,9
dlt,9138,3,4,14,28,32,9,10
dlt,9139,14,16,20,22,32,5,9
dlt,9140,7,8,19,26,30,1,12
dlt,9141,13,14,21,30,33,2,8
dlt,9142,5,6,13,24,31,3,11
dlt,9143,1,9,10,11,22,1,12
dlt,9144,18,26,32,33,34,4,6
dlt,9145,5,11,14,22,35,3,10
dlt,9146,11,17,23,24,25,3,6
dlt,9147,6,12,18,22,29,5,8
dlt,9148,2,4,13,14,33,1,9
dlt,9149,1,3,10,12,20,2,7
dlt,9150,4,11,18,25,34,5,7
dlt,9151,3,8,14,30,31,4,9
dlt,9152,1,23,29,30,32,7,12
dlt,9153,21,22,30,32,34,3,7
dlt,10001,2,6,7,12,27,2,8
dlt,10002,4,23,25,26,30,7,10
dlt,10003,5,14,23,27,30,2,8
dlt,10004,3,6,21,24,34,4,6
dlt,10005,4,17,19,22,30,2,3
dlt,10006,3,13,19,30,34,2,5
dlt,10007,7,23,26,29,32,8,11
dlt,10008,11,23,25,31,32,5,11
dlt,10009,2,5,13,27,32,3,11
dlt,10010,15,22,24,32,35,2,9
dlt,10011,2,3,11,27,32,8,11
dlt,10012,20,24,30,31,33,5,12
dlt,10013,18,21,22,26,34,9,12
dlt,10014,18,19,30,33,35,2,4
dlt,10015,3,10,14,18,28,8,10
dlt,10016,10,12,20,23,32,4,10
dlt,10017,13,21,23,27,34,9,12
dlt,10018,3,10,26,32,33,4,12
dlt,10019,3,11,19,26,27,2,9
dlt,10020,8,18,26,32,33,1,6
dlt,10021,11,20,23,24,25,7,9
dlt,10022,2,11,13,14,25,2,5
dlt,10023,11,13,29,32,33,2,8
dlt,10024,3,14,19,24,25,4,11
dlt,10025,9,11,13,14,25,1,7
dlt,10026,5,23,25,31,35,7,10
dlt,10027,5,23,26,32,34,2,9
dlt,10028,1,2,7,20,35,1,3
dlt,10029,21,22,33,34,35,3,4
dlt,10030,10,12,19,32,35,2,7
dlt,10031,5,13,16,17,35,6,8
dlt,10032,13,16,23,24,33,7,11
dlt,10033,12,19,28,29,30,5,8
dlt,10034,1,6,19,25,26,3,9
dlt,10035,14,16,20,31,34,1,7
dlt,10036,19,25,28,31,33,1,8
dlt,10037,19,21,26,34,35,1,9
dlt,10038,8,10,25,29,33,1,2
dlt,10039,7,19,26,28,32,1,8
dlt,10040,13,20,26,31,35,2,11
dlt,10041,16,22,28,29,34,4,12
dlt,10042,1,5,19,34,35,6,7
dlt,10043,5,8,10,33,35,2,10
dlt,10044,6,21,24,28,30,2,7
dlt,10045,8,17,18,20,28,9,10
dlt,10046,2,15,19,26,27,5,6
dlt,10047,4,8,11,30,31,2,8
dlt,10048,2,3,10,12,25,3,9
dlt,10049,1,25,29,31,33,4,10
dlt,10050,7,8,15,30,35,5,10
dlt,10051,6,10,20,24,32,6,10
dlt,10052,4,6,25,29,32,5,6
dlt,10053,9,19,22,26,34,9,11
dlt,10054,12,25,29,30,33,10,11
dlt,10055,13,14,17,27,32,2,10
dlt,10056,5,9,23,25,30,9,12
dlt,10057,15,17,24,32,35,7,9
dlt,10058,6,15,17,19,30,1,12
dlt,10059,6,10,14,25,34,1,3
dlt,10060,10,13,22,33,34,1,5
dlt,10061,5,12,14,17,22,5,7
dlt,10062,6,7,18,30,31,7,8
dlt,10063,7,14,16,30,31,3,6
dlt,10064,7,10,12,20,21,6,9
dlt,10065,5,8,13,14,32,8,11
dlt,10066,15,21,22,24,27,1,6
dlt,10067,1,11,19,30,32,3,10
dlt,10068,11,17,19,20,34,6,10
dlt,10069,6,17,18,25,29,8,9
dlt,10070,5,14,23,25,28,11,12
dlt,10071,7,12,26,30,32,2,7
dlt,10072,5,10,17,23,25,3,10
dlt,10073,4,9,11,30,32,1,11
dlt,10074,3,7,20,27,32,2,12
dlt,10075,10,12,17,23,27,5,7
dlt,10076,9,12,16,19,35,2,12
dlt,10077,6,7,9,17,24,2,12
dlt,10078,2,3,15,28,35,1,11
dlt,10079,1,4,21,22,24,2,5
dlt,10080,8,19,27,29,34,4,10
dlt,10081,14,18,20,24,27,5,10
dlt,10082,5,8,24,29,30,4,6
dlt,10083,7,11,21,22,35,4,7
dlt,10084,3,13,14,22,26,2,5
dlt,10085,2,10,16,18,34,2,3
dlt,10086,1,2,12,19,35,5,7
dlt,10087,1,12,20,21,24,2,8
dlt,10088,3,5,14,30,35,3,6
dlt,10089,4,10,13,18,23,8,10
dlt,10090,8,24,26,31,32,7,9
dlt,10091,6,10,23,26,31,5,7
dlt,10092,2,15,29,30,34,2,12
dlt,10093,2,4,9,28,29,5,8
dlt,10094,20,32,33,34,35,6,7
dlt,10095,12,14,16,19,25,1,6
dlt,10096,4,9,24,30,35,1,10
dlt,10097,9,17,21,28,29,2,8
dlt,10098,2,3,12,13,25,1,7
dlt,10099,3,11,17,21,30,1,8
dlt,10100,19,20,30,33,35,6,8
dlt,10101,11,15,22,27,35,5,8
dlt,10102,4,15,19,24,35,1,10
dlt,10103,10,14,29,30,35,5,8
dlt,10104,14,25,30,32,33,1,11
dlt,10105,5,17,26,27,35,8,9
dlt,10106,5,27,28,29,34,9,12
dlt,10107,14,17,22,27,34,3,5
dlt,10108,1,10,13,19,34,9,12
dlt,10109,1,2,8,11,25,10,12
dlt,10110,21,29,30,33,35,7,11
dlt,10111,3,6,13,14,29,1,2
dlt,10112,14,15,18,34,35,8,10
dlt,10113,5,16,22,23,32,4,10
dlt,10114,3,7,22,25,35,3,11
dlt,10115,5,7,10,15,32,3,8
dlt,10116,14,22,27,28,35,4,10
dlt,10117,4,6,21,27,34,5,9
dlt,10118,19,22,23,29,35,8,10
dlt,10119,5,13,14,23,26,2,3
dlt,10120,8,10,18,34,35,6,10
dlt,10121,21,22,31,32,34,2,12
dlt,10122,5,6,11,13,26,2,7
dlt,10123,18,20,30,32,33,1,11
dlt,10124,1,9,27,29,34,1,6
dlt,10125,1,7,9,14,19,9,12
dlt,10126,3,5,9,13,33,5,11
dlt,10127,3,22,24,30,33,4,10
dlt,10128,6,17,19,29,35,2,8
dlt,10129,14,15,24,25,26,3,7
dlt,10130,5,6,9,10,34,8,11
dlt,10131,10,15,22,28,29,4,12
dlt,10132,18,21,23,25,29,6,11
dlt,10133,11,16,17,21,22,3,6
dlt,10134,9,12,13,19,30,4,5
dlt,10135,14,17,19,26,32,3,4
dlt,10136,3,13,18,30,33,7,8
dlt,10137,22,27,28,33,35,9,11
dlt,10138,8,12,14,19,27,5,6
dlt,10139,3,13,16,19,29,7,9
dlt,10140,6,18,20,30,31,3,6
dlt,10141,5,11,17,23,33,3,10
dlt,10142,10,11,19,21,27,4,6
dlt,10143,10,16,18,22,27,6,8
dlt,10144,2,11,16,22,31,10,11
dlt,10145,18,19,27,28,33,3,6
dlt,10146,14,17,30,31,34,4,10
dlt,10147,1,15,19,21,23,11,12
dlt,10148,3,4,8,10,35,2,6
dlt,10149,5,22,24,25,30,1,6
dlt,10150,5,24,28,29,35,1,9
dlt,10151,1,10,32,33,35,3,8
dlt,10152,2,5,18,22,23,7,12
dlt,10153,6,7,16,24,35,4,6
dlt,11001,7,8,15,32,34,5,12
dlt,11002,11,13,27,28,29,2,6
dlt,11003,1,24,27,30,31,1,6
dlt,11004,7,8,10,23,25,7,9
dlt,11005,1,7,25,27,30,7,12
dlt,11006,2,8,16,26,35,11,12
dlt,11007,14,24,32,33,35,2,9
dlt,11008,1,23,26,27,30,5,6
dlt,11009,9,10,11,14,24,3,8
dlt,11010,4,8,10,14,27,5,7
dlt,11011,2,17,23,24,30,2,9
dlt,11012,3,12,19,25,30,8,11
dlt,11013,5,8,14,28,30,4,6
dlt,11014,2,14,20,21,24,2,9
dlt,11015,8,18,19,22,23,1,3
dlt,11016,15,20,30,33,35,6,9
dlt,11017,16,19,24,26,31,2,4
dlt,11018,16,22,24,32,34,2,10
dlt,11019,8,21,23,27,33,6,11
dlt,11020,9,12,19,22,28,1,5
dlt,11021,1,9,13,17,30,2,8
dlt,11022,9,14,24,25,34,1,4
dlt,11023,5,13,16,18,24,2,12
dlt,11024,12,15,16,20,33,8,12
dlt,11025,8,9,25,28,29,2,10
dlt,11026,1,9,15,20,29,7,9
dlt,11027,5,14,25,34,35,2,5
dlt,11028,1,2,13,17,28,1,4
dlt,11029,3,9,17,24,28,6,12
dlt,11030,15,19,25,30,33,3,8
dlt,11031,12,17,19,22,35,4,11
dlt,11032,7,16,23,31,33,3,10
dlt,11033,3,19,24,29,33,3,9
dlt,11034,3,6,9,17,27,3,9
dlt,11035,3,4,13,15,32,4,9
dlt,11036,3,18,29,30,33,8,9
dlt,11037,1,12,14,22,24,10,12
dlt,11038,7,9,11,13,33,10,12
dlt,11039,1,11,14,22,34,6,8
dlt,11040,3,7,15,18,20,1,6
dlt,11041,4,5,11,13,25,3,6
dlt,11042,6,9,18,30,32,10,12
dlt,11043,2,8,23,33,35,5,10
dlt,11044,11,21,24,26,31,6,7
dlt,11045,13,21,22,29,31,7,11
dlt,11046,9,15,16,19,29,4,6
dlt,11047,2,15,22,33,35,5,8
dlt,11048,13,17,25,27,28,2,3
dlt,11049,5,6,10,22,25,1,9
dlt,11050,4,7,29,32,33,8,10
dlt,11051,6,8,12,17,18,5,10
dlt,11052,13,24,31,32,33,3,9
dlt,11053,3,16,28,31,32,1,9
dlt,11054,5,9,16,26,35,3,10
dlt,11055,1,7,31,32,35,2,10
dlt,11056,3,5,29,30,31,8,10
dlt,11057,7,11,30,31,34,9,12
dlt,11058,1,9,27,32,33,3,6
dlt,11059,9,16,21,29,34,7,10
dlt,11060,3,25,29,32,34,9,10
dlt,11061,6,7,16,18,20,4,10
dlt,11062,6,10,17,20,21,3,7
dlt,11063,10,17,18,26,32,1,5
dlt,11064,1,6,27,30,34,1,6
dlt,11065,3,11,14,25,34,1,4
dlt,11066,6,13,18,20,33,9,10
dlt,11067,10,17,22,24,32,3,10
dlt,11068,1,13,16,18,32,7,9
dlt,11069,3,5,28,29,33,4,12
dlt,11070,9,19,22,29,30,2,8
dlt,11071,27,31,33,34,35,4,6
dlt,11072,3,11,13,20,35,3,8
dlt,11073,13,19,20,22,33,5,11
dlt,11074,7,16,23,28,31,3,6
dlt,11075,6,9,20,23,28,6,10
dlt,11076,18,23,25,29,30,1,2
dlt,11077,5,8,19,33,34,1,12
dlt,11078,4,9,16,27,30,2,6
dlt,11079,1,3,23,30,31,2,10
dlt,11080,5,12,30,31,32,1,3
dlt,11081,4,13,20,21,35,2,9
dlt,11082,7,20,25,30,32,5,9
dlt,11083,6,8,18,20,24,4,8
dlt,11084,14,29,31,34,35,1,12
dlt,11085,2,17,19,21,22,3,10
dlt,11086,4,5,6,9,15,1,6
dlt,11087,6,13,20,25,34,7,9
dlt,11088,20,21,27,29,35,3,8
dlt,11089,5,6,23,27,34,3,4
dlt,11090,2,4,29,30,34,5,8
dlt,11091,11,17,23,29,30,6,8
dlt,11092,10,17,19,32,33,1,12
dlt,11093,4,6,8,19,31,10,11
dlt,11094,11,21,22,32,34,4,8
dlt,11095,9,12,17,19,29,6,11
dlt,11096,3,8,20,24,25,1,2
dlt,11097,4,19,28,31,33,11,12
dlt,11098,6,7,28,33,35,1,10
dlt,11099,2,6,9,12,20,5,8
dlt,11100,8,11,13,28,33,8,9
dlt,11101,5,12,20,28,30,3,7
dlt,11102,19,24,28,31,34,4,12
dlt,11103,3,4,26,29,34,1,3
dlt,11104,7,19,27,28,34,2,5
dlt,11105,2,11,26,32,33,5,12
dlt,11106,1,9,29,30,35,5,9
dlt,11107,2,6,18,30,32,1,8
dlt,11108,7,15,18,24,28,1,7
dlt,11109,1,11,12,22,34,8,10
dlt,11110,30,31,33,34,35,4,7
dlt,11111,2,11,13,23,31,11,12
dlt,11112,6,17,28,32,33,8,12
dlt,11113,4,5,7,10,12,4,5
dlt,11114,6,8,17,27,35,2,11
dlt,11115,17,26,30,31,35,6,11
dlt,11116,10,15,18,19,26,7,12
dlt,11117,10,12,28,32,33,3,5
dlt,11118,4,7,11,32,35,5,7
dlt,11119,4,15,20,26,31,6,12
dlt,11120,20,25,26,30,31,9,10
dlt,11121,2,3,30,31,33,3,9
dlt,11122,3,8,23,24,34,5,12
dlt,11123,10,14,18,19,35,1,6
dlt,11124,8,12,14,20,25,6,8
dlt,11125,7,10,27,34,35,10,12
dlt,11126,7,17,29,30,33,10,12
dlt,11127,1,11,22,26,29,5,8
dlt,11128,3,4,6,11,13,1,2
dlt,11129,1,7,13,18,23,4,8
dlt,11130,8,9,13,23,35,11,12
dlt,11131,3,5,12,18,33,7,11
dlt,11132,12,14,16,19,33,2,9
dlt,11133,4,11,23,26,35,3,12
dlt,11134,1,10,12,14,17,9,10
dlt,11135,6,22,29,33,35,3,12
dlt,11136,8,9,11,19,33,3,12
dlt,11137,2,15,18,23,31,1,2
dlt,11138,17,23,26,30,32,6,12
dlt,11139,4,6,10,15,16,3,4
dlt,11140,1,12,32,33,34,9,11
dlt,11141,2,11,19,22,35,10,12
dlt,11142,4,26,30,33,34,4,6
dlt,11143,8,9,12,25,33,7,10
dlt,11144,7,18,24,28,33,2,3
dlt,11145,7,15,19,24,29,4,6
dlt,11146,9,13,19,29,34,2,11
dlt,11147,1,15,16,27,28,2,7
dlt,11148,7,10,11,26,31,3,4
dlt,11149,2,7,12,29,31,3,5
dlt,11150,13,22,30,33,34,6,12
dlt,11151,7,11,14,20,27,3,10
dlt,11152,1,4,6,21,35,2,11
dlt,11153,6,22,29,30,35,3,5
dlt,11154,4,12,16,20,28,8,11
dlt,12001,7,27,28,32,33,1,12
dlt,12002,3,11,14,26,29,7,8
dlt,12003,16,22,24,33,34,3,10
dlt,12004,10,11,22,31,32,6,7
dlt,12005,1,2,29,31,33,7,12
dlt,12006,3,20,22,25,27,1,9
dlt,12007,4,5,13,17,25,7,10
dlt,12008,6,8,30,31,32,1,11
dlt,12009,6,14,20,29,35,9,10
dlt,12010,25,26,29,32,34,5,7
dlt,12011,5,19,22,29,30,2,4
dlt,12012,6,18,22,30,35,2,7
dlt,12013,7,8,11,12,24,1,2
dlt,12014,10,14,24,30,32,1,12
dlt,12015,12,13,24,26,33,6,8
dlt,12016,5,14,20,29,31,8,12
dlt,12017,6,11,22,29,34,3,12
dlt,12018,3,10,14,29,31,4,8
dlt,12019,7,9,17,30,34,1,12
dlt,12020,12,14,27,29,34,3,6
dlt,12021,10,15,21,31,34,7,8
dlt,12022,7,12,20,33,35,1,10
dlt,12023,7,9,17,29,35,9,10
dlt,12024,3,11,17,21,30,3,7
dlt,12025,1,2,5,12,27,4,7
dlt,12026,10,11,22,23,29,2,9
dlt,12027,3,10,11,22,31,5,7
dlt,12028,10,12,15,33,34,3,10
dlt,12029,4,7,8,18,29,7,10
dlt,12030,3,21,22,26,32,1,3
dlt,12031,19,21,23,25,30,3,8
dlt,12032,7,8,16,26,34,7,11
dlt,12033,8,13,19,27,32,1,8
dlt,12034,1,8,15,16,29,8,9
dlt,12035,1,4,30,32,35,8,12
dlt,12036,1,9,20,30,31,8,12
dlt,12037,9,13,27,31,35,3,10
dlt,12038,11,23,25,31,35,1,3
dlt,12039,15,21,22,24,35,1,5
dlt,12040,2,13,23,28,29,1,5
dlt,12041,1,2,13,22,23,2,10
dlt,12042,7,24,27,28,35,7,12
dlt,12043,1,6,25,31,34,3,9
dlt,12044,3,4,14,32,35,1,2
dlt,12045,5,11,17,20,28,11,12
dlt,12046,4,8,19,23,27,4,11
dlt,12047,5,7,17,30,34,3,10
dlt,12048,6,9,26,30,35,5,6
dlt,12049,9,18,22,27,31,10,12
dlt,12050,13,17,22,28,29,1,10
dlt,12051,1,2,17,18,33,5,12
dlt,12052,10,20,26,31,33,10,12
dlt,12053,11,12,26,28,31,7,12
dlt,12054,1,16,18,27,30,10,11
dlt,12055,7,22,26,32,33,1,8
dlt,12056,11,21,23,26,34,7,9
dlt,12057,1,2,14,33,34,3,5
dlt,12058,13,21,29,31,35,4,12
dlt,12059,9,13,19,21,27,3,4
dlt,12060,2,16,21,24,30,6,10
dlt,12061,5,10,14,27,33,7,9
dlt,12062,21,32,33,34,35,8,9
dlt,12063,11,25,26,29,35,1,2
dlt,12064,9,12,13,15,30,9,10
dlt,12065,10,22,28,29,34,5,11
dlt,12066,1,20,25,29,33,4,6
dlt,12067,20,22,27,30,33,1,2
dlt,12068,1,21,31,32,35,3,6
dlt,12069,2,4,22,25,34,2,11
dlt,12070,9,22,23,32,34,6,8
dlt,12071,13,23,29,31,34,6,8
dlt,12072,4,8,17,22,25,4,10
dlt,12073,18,23,29,33,34,2,7
dlt,12074,10,22,23,30,32,1,7
dlt,12075,7,9,10,18,22,5,10
dlt,12076,2,14,16,22,24,2,5
dlt,12077,10,30,32,33,34,2,3
dlt,12078,1,2,23,25,35,5,12
dlt,12079,1,5,25,32,33,1,10
dlt,12080,11,12,14,25,28,2,5
dlt,12081,10,16,17,30,35,1,8
dlt,12082,2,4,9,10,15,8,10
dlt,12083,16,19,28,29,31,5,8
dlt,12084,21,24,27,29,31,1,2
dlt,12085,7,18,29,31,33,10,12
dlt,12086,3,20,25,29,32,5,10
dlt,12087,1,6,7,21,31,4,11
dlt,12088,13,17,24,30,35,2,10
dlt,12089,6,12,21,29,32,6,11
dlt,12090,2,21,27,29,33,2,10
dlt,12091,3,10,28,31,33,1,9
dlt,12092,8,9,23,25,31,2,12
dlt,12093,2,16,21,31,33,4,11
dlt,12094,2,14,23,32,35,1,10
dlt,12095,6,9,22,27,30,8,12
dlt,12096,5,10,19,24,35,8,9
dlt,12097,9,17,24,29,32,1,2
dlt,12098,2,11,28,29,30,6,12
dlt,12099,12,18,24,25,32,2,12
dlt,12100,7,9,13,19,27,1,3
dlt,12101,2,5,8,9,31,3,7
dlt,12102,2,4,6,13,35,4,8
dlt,12103,2,9,18,23,24,1,4
dlt,12104,16,18,24,25,27,4,9
dlt,12105,5,6,14,15,31,6,8
dlt,12106,15,23,25,29,31,9,10
dlt,12107,4,7,9,22,33,1,3
dlt,12108,6,7,12,24,35,2,6
dlt,12109,1,22,30,32,35,9,11
dlt,12110,1,11,17,19,26,5,12
dlt,12111,1,24,25,30,33,4,11
dlt,12112,1,2,28,31,35,5,7
dlt,12113,3,10,22,27,29,3,12
dlt,12114,3,6,21,33,35,1,7
dlt,12115,1,6,13,19,23,6,9
dlt,12116,1,11,18,20,22,7,10
dlt,12117,1,12,18,21,33,7,8
dlt,12118,5,17,25,30,33,1,12
dlt,12119,5,6,9,19,32,6,9
dlt,12120,2,10,21,23,29,3,4
dlt,12121,7,18,20,29,30,5,6
dlt,12122,23,24,25,29,31,3,12
dlt,12123,5,8,18,30,33,1,9
dlt,12124,7,11,19,20,35,5,10
dlt,12125,6,14,17,22,35,1,2
dlt,12126,13,14,21,28,29,5,10
dlt,12127,12,13,14,25,35,10,12
dlt,12128,9,10,19,30,31,4,11
dlt,12129,1,7,21,28,31,3,9
dlt,12130,14,19,23,29,30,6,7
dlt,12131,2,16,18,27,30,8,12
dlt,12132,5,8,21,25,33,1,11
dlt,12133,5,7,13,29,30,1,5
dlt,12134,1,6,18,32,35,2,7
dlt,12135,3,5,17,18,33,6,7
dlt,12136,2,23,29,30,31,1,4
dlt,12137,3,12,20,21,27,1,6
dlt,12138,13,17,27,31,33,6,12
dlt,12139,9,10,12,22,25,4,11
dlt,12140,7,17,27,28,29,9,10
dlt,12141,3,11,19,23,34,2,12
dlt,12142,15,19,29,34,35,7,10
dlt,12143,9,27,29,30,31,3,6
dlt,12144,11,13,14,21,29,1,10
dlt,12145,5,22,31,33,35,6,9
dlt,12146,1,10,13,17,26,6,8
dlt,12147,2,3,17,19,33,2,9
dlt,12148,4,16,27,29,34,6,11
dlt,12149,2,10,23,33,34,5,10
dlt,12150,2,14,18,24,31,2,3
dlt,12151,3,19,20,24,33,3,4
dlt,12152,4,17,26,33,34,2,8
dlt,12153,8,9,10,13,22,5,10
dlt,12154,3,26,27,31,32,3,9
dlt,13001,6,9,11,31,32,5,11
dlt,13002,4,20,27,31,32,6,12
dlt,13003,1,16,18,21,31,9,12
dlt,13004,7,8,12,20,25,3,7
dlt,13005,18,22,26,28,31,10,12
dlt,13006,8,20,25,31,32,5,7
dlt,13007,14,29,32,33,34,3,6
dlt,13008,2,7,25,29,34,3,6
dlt,13009,10,17,19,27,29,5,12
dlt,13010,9,15,17,18,29,9,11
dlt,13011,1,2,8,15,23,6,9
dlt,13012,1,14,31,32,34,2,11
dlt,13013,13,15,29,30,35,1,11
dlt,13014,5,8,25,29,31,2,4
dlt,13015,14,15,26,32,33,1,11
dlt,13016,5,15,19,27,32,8,9
dlt,13017,11,14,22,29,34,5,11
dlt,13018,20,23,31,33,34,3,9
dlt,13019,6,12,17,29,30,7,11
dlt,13020,6,11,20,31,32,5,9
dlt,13021,23,24,28,30,33,1,11
dlt,13022,3,4,13,17,23,3,8
dlt,13023,5,19,24,26,35,5,7
dlt,13024,9,12,14,18,24,1,4
dlt,13025,3,23,25,26,28,10,12
dlt,13026,2,10,16,30,33,5,6
dlt,13027,3,12,14,24,35,3,8
dlt,13028,13,19,28,30,34,8,12
dlt,13029,5,7,17,25,26,4,10
dlt,13030,3,5,9,10,28,5,7
dlt,13031,12,17,18,26,32,10,11
dlt,13032,12,27,28,33,35,1,8
dlt,13033,12,18,22,28,31,1,11
dlt,13034,1,3,11,19,29,4,8
dlt,13035,5,14,28,32,34,7,8
dlt,13036,8,12,32,33,35,3,5
dlt,13037,2,26,31,32,34,6,8
dlt,13038,1,19,24,25,26,7,9
dlt,13039,6,23,30,33,35,7,10
dlt,13040,16,17,22,26,35,3,10
dlt,13041,3,13,14,15,34,5,8
dlt,13042,2,6,22,23,33,1,6
dlt,13043,7,13,25,34,35,7,9
dlt,13044,7,11,13,18,28,5,10
dlt,13045,8,11,12,21,25,2,7
dlt,13046,15,16,19,25,32,5,11
dlt,13047,12,20,28,30,35,3,11
dlt,13048,10,11,23,32,33,1,4
dlt,13049,18,22,25,31,32,4,6
dlt,13050,14,22,30,32,33,7,8
dlt,13051,5,8,15,18,33,7,8
dlt,13052,1,2,10,29,31,1,10
dlt,13053,13,31,33,34,35,5,7
dlt,13054,5,8,21,30,32,1,8
dlt,13055,4,5,22,23,24,3,9
dlt,13056,11,22,30,32,35,3,4
dlt,13057,7,15,27,33,35,7,10
dlt,13058,20,21,27,31,35,7,11
dlt,13059,3,8,11,24,27,7,12
dlt,13060,15,25,26,32,35,5,10
dlt,13061,1,14,18,21,32,5,10
dlt,13062,1,5,8,9,12,9,12
dlt,13063,3,5,11,27,28,5,6
dlt,13064,21,24,26,28,32,1,3
dlt,13065,9,28,31,34,35,2,9
dlt,13066,6,7,13,33,34,2,11
dlt,13067,2,3,5,8,29,10,12
dlt,13068,10,17,27,34,35,5,7
dlt,13069,6,12,13,16,30,7,12
dlt,13070,9,12,18,21,29,1,8
dlt,13071,13,19,26,27,28,3,11
dlt,13072,12,27,28,33,35,3,5
dlt,13073,3,5,23,27,31,2,6
dlt,13074,6,14,20,24,32,1,7
dlt,13075,1,11,13,19,35,7,8
dlt,13076,13,15,16,26,27,9,10
dlt,13077,24,26,30,32,35,6,12
dlt,13078,2,7,23,31,33,2,8
dlt,13079,9,10,17,21,34,1,7
dlt,13080,6,21,23,27,31,4,6
dlt,13081,7,9,15,17,23,2,7
dlt,13082,3,9,25,26,33,3,12
dlt,13083,26,29,30,32,35,4,10
dlt,13084,8,22,26,29,35,1,5
dlt,13085,8,19,23,27,32,3,5
dlt,13086,9,16,26,29,31,6,9
dlt,13087,9,12,22,32,34,2,4
dlt,13088,3,5,8,33,35,1,3
dlt,13089,6,7,23,24,29,4,11
dlt,13090,2,26,30,31,33,11,12
dlt,13091,4,9,28,34,35,2,8
dlt,13092,7,10,21,27,33,3,9
dlt,13093,1,5,17,18,26,5,7
dlt,13094,3,28,33,34,35,6,9
dlt,13095,3,17,28,30,33,1,10
dlt,13096,17,19,20,22,26,6,8
dlt,13097,7,8,13,17,32,3,8
dlt,13098,2,6,16,29,34,10,11
dlt,13099,4,11,28,30,33,5,12
dlt,13100,9,12,24,26,30,5,9
dlt,13101,4,9,13,15,32,2,9
dlt,13102,6,12,15,19,26,2,11
dlt,13103,5,8,13,16,31,3,9
dlt,13104,2,5,11,27,29,1,11
dlt,13105,7,13,27,30,34,1,12
dlt,13106,6,7,12,13,27,3,12
dlt,13107,7,13,14,18,25,5,12
dlt,13108,5,10,13,15,18,2,11
dlt,13109,13,20,26,29,32,2,6
dlt,13110,7,16,18,32,33,2,7
dlt,13111,7,12,13,20,27,1,3
dlt,13112,2,10,20,22,29,5,12
dlt,13113,19,21,23,28,30,8,12
dlt,13114,6,17,21,23,33,1,9
dlt,13115,5,16,29,32,34,4,11
dlt,13116,13,22,23,30,33,9,11
dlt,13117,5,16,23,25,33,7,12
dlt,13118,4,6,11,20,31,1,5
dlt,13119,1,2,16,23,35,1,11
dlt,13120,6,14,15,22,26,3,11
dlt,13121,3,18,19,20,24,3,12
dlt,13122,15,17,20,24,35,4,12
dlt,13123,2,9,10,33,34,5,12
dlt,13124,5,7,18,21,32,10,11
dlt,13125,4,8,14,23,28,4,8
dlt,13126,9,10,15,18,30,3,6
dlt,13127,3,14,16,19,32,5,10
dlt,13128,11,13,27,33,35,1,2
dlt,13129,11,23,29,30,33,1,4
dlt,13130,8,9,15,19,30,6,9
dlt,13131,12,15,29,30,31,4,12
dlt,13132,23,26,28,31,34,2,10
dlt,13133,2,8,10,16,17,9,12
dlt,13134,2,13,19,23,32,2,9
dlt,13135,4,13,19,25,26,7,12
dlt,13136,5,11,15,25,28,5,11
dlt,13137,4,12,32,33,34,6,8
dlt,13138,3,8,13,17,24,7,9
dlt,13139,5,6,18,20,31,6,7
dlt,13140,1,12,17,26,28,1,6
dlt,13141,5,15,18,25,31,8,10
dlt,13142,6,11,25,28,29,4,12
dlt,13143,3,8,14,21,31,6,8
dlt,13144,3,20,21,23,35,2,8
dlt,13145,2,13,15,18,20,2,11
dlt,13146,6,7,15,25,31,1,9
dlt,13147,3,9,22,24,25,5,9
dlt,13148,2,5,9,29,32,3,7
dlt,13149,6,7,8,9,13,5,7
dlt,13150,6,7,14,18,22,8,11
dlt,13151,2,13,21,27,30,3,4
dlt,13152,9,12,14,18,19,3,9
dlt,13153,4,5,16,17,30,3,9
dlt,14001,5,13,20,23,29,8,11
dlt,14002,1,12,21,24,29,1,7
dlt,14003,7,11,13,21,33,5,6
dlt,14004,7,10,19,27,28,9,12
dlt,14005,15,17,18,29,33,4,8
dlt,14006,1,4,7,16,35,6,8
dlt,14007,8,11,14,21,32,3,11
dlt,14008,11,13,20,28,35,1,5
dlt,14009,10,18,25,29,33,7,8
dlt,14010,5,10,20,26,27,1,3
dlt,14011,4,6,14,24,35,7,12
dlt,14012,9,20,21,23,29,5,7
dlt,14013,10,11,13,22,28,4,12
dlt,14014,1,9,11,27,29,3,11
dlt,14015,4,6,18,20,30,5,7
dlt,14016,4,6,13,24,34,4,9
dlt,14017,5,10,11,23,34,1,10
dlt,14018,8,9,12,28,34,2,12
dlt,14019,7,12,22,29,32,11,12
dlt,14020,1,14,17,30,35,6,7
dlt,14021,6,10,17,23,24,3,9
dlt,14022,3,6,10,16,25,10,11
dlt,14023,4,13,15,29,33,5,9
dlt,14024,7,11,15,31,32,6,11
dlt,14025,19,20,27,32,34,6,8
dlt,14026,5,10,12,15,26,4,8
dlt,14027,9,10,24,28,29,10,12
dlt,14028,3,10,20,25,30,10,12
dlt,14029,3,21,22,23,35,5,9
dlt,14030,3,14,18,29,35,11,12
dlt,14031,6,15,27,32,33,3,4
dlt,14032,2,5,6,9,31,2,9
dlt,14033,1,7,8,28,29,4,8
dlt,14034,3,11,14,27,32,5,7
dlt,14035,9,12,14,28,29,3,10
dlt,14036,1,2,12,17,29,3,8
dlt,14037,3,4,8,19,34,2,4
dlt,14038,7,8,12,20,32,3,5
dlt,14039,2,5,11,15,20,8,11
dlt,14040,12,15,21,30,33,2,8
dlt,14041,5,7,11,15,18,5,12
dlt,14042,16,21,25,27,35,6,11
dlt,14043,1,11,23,29,30,1,12
dlt,14044,22,23,25,27,35,3,11
dlt,14045,6,10,12,16,30,2,11
dlt,14046,3,15,18,21,26,1,6
dlt,14047,6,17,18,30,34,6,12
dlt,14048,1,2,5,15,35,1,11
dlt,14049,3,15,17,22,31,3,5
dlt,14050,10,18,27,28,35,1,6
dlt,14051,1,7,11,29,30,3,11
dlt,14052,14,19,21,24,30,2,7
dlt,14053,2,11,17,27,30,3,4
dlt,14054,2,3,20,25,34,1,12
dlt,14055,4,23,26,27,35,10,11
dlt,14056,12,18,28,29,35,7,8
dlt,14057,8,10,20,27,33,1,9
dlt,14058,9,15,22,24,26,2,7
dlt,14059,7,15,17,25,29,4,11
dlt,14060,12,22,29,30,34,5,11
dlt,14061,4,11,17,20,29,6,10
dlt,14062,4,7,17,24,25,2,4
dlt,14063,11,17,21,23,34,3,4
dlt,14064,8,15,33,34,35,1,8
dlt,14065,7,12,19,31,33,7,12
dlt,14066,8,14,16,20,31,3,11
dlt,14067,3,18,23,24,31,3,7
dlt,14068,5,15,24,29,35,5,6
dlt,14069,16,22,27,29,31,2,9
dlt,14070,1,2,7,10,32,4,12
dlt,14071,4,14,15,22,23,1,7
dlt,14072,17,19,22,24,30,2,9
dlt,14073,4,5,7,13,35,5,6
dlt,14074,6,11,22,27,30,5,11
dlt,14075,5,7,29,32,35,4,10
dlt,14076,5,10,19,31,32,9,10
dlt,14077,9,16,26,31,32,1,5
dlt,14078,10,15,16,22,28,4,5
dlt,14079,9,10,20,31,32,6,10
dlt,14080,17,20,23,25,27,3,10
dlt,14081,3,5,8,10,25,9,12
dlt,14082,1,8,18,23,25,8,12
dlt,14083,18,20,24,33,35,5,10
dlt,14084,2,7,9,11,28,5,9
dlt,14085,6,12,13,25,29,11,12
dlt,14086,6,8,27,29,35,3,9
dlt,14087,4,7,31,33,35,9,10
dlt,14088,7,13,20,25,26,8,11
dlt,14089,2,8,12,29,30,7,12
dlt,14090,2,3,20,23,28,6,8
dlt,14091,10,16,18,29,32,2,7
dlt,14092,2,18,27,30,32,5,11
dlt,14093,3,8,30,32,34,9,11
dlt,14094,13,14,24,25,34,4,7
dlt,14095,6,22,30,31,34,5,6
dlt,14096,3,7,21,23,31,5,10
dlt,14097,3,15,20,21,23,7,9
dlt,14098,16,18,22,25,35,3,10
dlt,14099,15,21,22,23,33,1,7
dlt,14100,2,4,8,12,35,1,7
dlt,14101,9,10,12,17,28,3,11
dlt,14102,1,7,14,19,20,3,12
dlt,14103,14,20,23,25,26,10,12
dlt,14104,7,13,14,28,32,4,11
dlt,14105,4,10,26,29,32,4,8
dlt,14106,5,9,11,20,22,5,11
dlt,14107,5,13,14,21,34,8,10
dlt,14108,1,2,13,23,35,9,12
dlt,14109,15,18,20,21,23,1,2
dlt,14110,9,18,19,22,24,8,11
dlt,14111,11,16,18,20,29,3,4
dlt,14112,3,5,14,18,32,2,10
dlt,14113,2,13,17,19,23,1,6
dlt,14114,3,16,24,30,33,5,8
dlt,14115,1,5,26,29,30,2,10
dlt,14116,6,13,15,24,27,4,5
dlt,14117,3,14,17,18,33,6,9
dlt,14118,2,3,23,24,26,5,11
dlt,14119,4,8,9,13,18,8,12
dlt,14120,1,4,6,18,33,5,11
dlt,14121,13,16,18,22,32,8,10
dlt,14122,3,10,25,26,35,1,7
dlt,14123,1,9,12,22,25,2,9
dlt,14124,1,3,28,29,35,8,12
dlt,14125,12,15,19,23,31,4,10
dlt,14126,2,9,22,30,34,9,10
dlt,14127,2,4,6,15,19,2,11
dlt,14128,2,4,16,22,34,8,11
dlt,14129,7,22,28,30,32,5,6
dlt,14130,2,18,31,32,33,5,7
dlt,14131,3,16,19,23,27,3,7
dlt,14132,1,3,4,19,32,1,7
dlt,14133,2,8,12,14,18,4,12
dlt,14134,2,5,7,11,32,9,12
dlt,14135,20,26,28,30,35,9,12
dlt,14136,4,18,20,34,35,7,11
dlt,14137,2,11,16,22,34,2,5
dlt,14138,1,7,29,32,34,9,12
dlt,14139,3,5,7,15,34,1,10
dlt,14140,1,19,20,25,34,7,12
dlt,14141,4,17,20,26,29,5,8
dlt,14142,18,21,25,28,30,4,6
dlt,14143,1,11,14,18,25,6,10
dlt,14144,1,21,24,25,35,4,11
dlt,14145,15,19,22,24,26,10,11
dlt,14146,2,16,23,24,28,10,11
dlt,14147,5,9,14,26,34,2,9
dlt,14148,3,9,10,11,20,7,9
dlt,14149,2,13,19,26,35,1,5
dlt,14150,19,21,30,33,35,5,7
dlt,14151,3,8,26,31,32,8,12
dlt,14152,5,12,18,24,33,1,5
dlt,14153,1,8,13,24,32,5,10
dlt,14154,5,12,17,23,28,2,9
dlt,15001,8,9,19,27,30,6,7
dlt,15002,3,14,20,26,32,6,10
dlt,15003,12,19,27,28,34,1,12
dlt,15004,3,12,14,18,28,5,6
dlt,15005,11,14,15,18,19,7,8
dlt,15006,6,8,30,32,33,3,7
dlt,15007,2,7,8,14,31,4,8
dlt,15008,7,10,11,15,17,3,10
dlt,15009,17,22,26,27,33,6,10
dlt,15010,2,6,17,30,35,2,7
dlt,15011,4,13,22,25,30,1,6
dlt,15012,3,4,6,11,31,5,9
dlt,15013,11,15,25,28,35,7,10
dlt,15014,8,16,25,29,35,3,10
dlt,15015,1,5,13,17,32,4,11
dlt,15016,6,7,16,20,34,9,11
dlt,15017,7,13,16,17,29,1,7
dlt,15018,4,7,10,23,31,3,7
dlt,15019,2,8,16,22,24,1,3
dlt,15020,11,26,28,29,32,1,4
dlt,15021,22,23,24,26,31,5,6
dlt,15022,9,11,14,15,26,11,12
dlt,15023,6,9,11,12,22,3,11
dlt,15024,2,6,8,16,34,3,4
dlt,15025,7,10,20,22,27,10,11
dlt,15026,11,13,14,15,22,2,8
dlt,15027,5,21,22,25,28,3,10
dlt,15028,3,9,28,32,33,9,10
dlt,15029,7,10,19,30,35,3,5
dlt,15030,9,18,19,26,31,2,5
dlt,15031,7,21,29,32,33,4,12
dlt,15032,6,21,25,27,30,7,11
dlt,15033,3,17,22,26,28,3,7
dlt,15034,4,8,15,18,26,5,9
dlt,15035,22,24,29,30,35,1,10
dlt,15036,14,18,20,23,24,4,8
dlt,15037,10,16,21,28,31,7,8
dlt,15038,12,19,22,31,35,7,8
dlt,15039,3,6,7,16,25,1,6
dlt,15040,2,9,10,23,35,9,12
dlt,15041,1,11,21,23,28,1,10
dlt,15042,3,7,12,17,24,2,11
dlt,15043,2,20,22,25,29,2,7
dlt,15044,16,18,27,31,33,1,3
dlt,15045,8,9,22,29,30,8,12
dlt,15046,5,7,10,22,26,4,10
dlt,15047,1,2,17,23,31,5,12
dlt,15048,10,11,22,24,33,2,9
dlt,15049,8,9,11,15,22,8,10
dlt,15050,6,7,10,20,28,2,7
dlt,15051,1,2,11,16,21,1,5
dlt,15052,13,19,24,27,29,7,8
dlt,15053,8,25,28,29,32,4,7
dlt,15054,2,9,15,24,34,3,9
dlt,15055,6,11,14,20,30,5,10
dlt,15056,6,12,19,26,35,3,10
dlt,15057,1,5,7,14,26,4,6
dlt,15058,10,14,20,27,30,7,12
dlt,15059,7,9,19,23,32,1,3
dlt,15060,16,24,25,26,33,4,11
dlt,15061,6,7,8,16,22,2,10
dlt,15062,6,7,13,14,15,1,4
dlt,15063,1,4,6,34,35,2,4
dlt,15064,2,8,20,28,31,7,10
dlt,15065,4,5,7,13,35,8,11
dlt,15066,1,3,7,13,29,2,10
dlt,15067,4,10,18,24,27,4,11
dlt,15068,2,3,20,31,35,4,8
dlt,15069,2,9,11,22,25,1,7
dlt,15070,3,9,12,17,18,4,12
dlt,15071,4,6,13,16,34,4,10
dlt,15072,19,20,21,31,33,9,10
dlt,15073,9,26,27,30,34,1,6
dlt,15074,1,12,21,27,33,4,9
dlt,15075,13,14,26,27,33,10,12
dlt,15076,3,19,21,31,34,5,12
dlt,15077,1,16,17,22,28,2,9
dlt,15078,19,24,26,28,33,1,2
dlt,15079,1,9,17,23,24,4,5
dlt,15080,14,20,29,30,32,3,8
dlt,15081,3,4,10,13,17,5,9
dlt,15082,8,15,28,31,33,3,6
dlt,15083,14,16,19,25,29,10,12
dlt,15084,10,20,21,32,34,6,7
dlt,15085,2,3,4,6,16,3,12
dlt,15086,5,9,11,15,32,4,9
dlt,15087,2,5,15,17,22,1,11
dlt,15088,5,15,28,31,34,11,12
dlt,15089,5,12,18,20,27,10,12
dlt,15090,6,9,11,17,21,6,8
dlt,15091,2,7,28,29,30,3,7
dlt,15092,2,14,21,27,34,5,8
dlt,15093,16,17,25,26,27,2,4
dlt,15094,2,3,10,11,29,3,7
dlt,15095,8,14,26,34,35,5,10
dlt,15096,3,9,12,18,21,2,6
dlt,15097,4,16,17,26,27,1,4
dlt,15098,9,14,21,27,33,6,9
dlt,15099,9,12,14,22,25,5,10
dlt,15100,9,15,18,23,32,5,7
dlt,15101,6,12,17,18,32,7,12
dlt,15102,11,14,15,33,34,3,12
dlt,15103,7,9,15,25,34,4,10
dlt,15104,16,19,25,30,34,4,9
dlt,15105,8,9,15,21,27,5,9
dlt,15106,2,11,13,22,30,2,3
dlt,15107,3,23,25,28,29,6,7
dlt,15108,1,13,16,26,31,7,12
dlt,15109,1,6,11,22,31,3,12
dlt,15110,2,7,10,22,30,7,11
dlt,15111,7,8,16,24,28,3,10
dlt,15112,4,5,15,19,28,4,11
dlt,15113,1,14,21,29,33,2,10
dlt,15114,9,18,24,31,34,2,10
dlt,15115,8,12,13,14,16,3,9
dlt,15116,7,10,19,24,33,3,7
dlt,15117,6,17,20,30,33,10,11
dlt,15118,3,7,20,24,31,4,9
dlt,15119,1,8,12,16,21,6,11
dlt,15120,1,9,15,24,32,5,10
dlt,15121,2,4,17,27,28,4,6
dlt,15122,11,13,15,26,35,6,11
dlt,15123,4,15,27,29,30,2,10
dlt,15124,4,6,12,31,32,3,6
dlt,15125,2,3,15,17,28,8,10
dlt,15126,4,5,8,9,21,3,6
dlt,15127,9,11,14,19,30,3,8
dlt,15128,10,12,23,30,32,3,4
dlt,15129,1,6,23,25,29,3,9
dlt,15130,17,25,31,32,34,2,12
dlt,15131,11,17,19,20,27,2,3
dlt,15132,3,8,14,18,27,1,5
dlt,15133,3,7,8,25,30,4,8
dlt,15134,1,2,6,15,35,4,7
dlt,15135,5,16,20,25,29,6,8
dlt,15136,5,20,23,29,32,2,10
dlt,15137,14,17,21,23,26,8,11
dlt,15138,1,16,20,29,32,4,7
dlt,15139,2,3,5,25,32,5,7
dlt,15140,1,11,15,26,35,6,11
dlt,15141,2,4,15,19,31,2,3
dlt,15142,12,14,22,26,30,3,6
dlt,15143,9,20,31,33,35,10,11
dlt,15144,1,9,24,26,29,6,11
dlt,15145,6,7,20,29,32,11,12
dlt,15146,4,15,19,27,31,4,11
dlt,15147,1,2,13,18,19,8,10
dlt,15148,8,11,27,31,33,8,9
dlt,15149,4,6,10,12,28,2,8
dlt,15150,4,13,18,25,33,3,7
dlt,15151,15,16,18,30,35,1,7
dlt,15152,4,5,22,29,35,2,11
dlt,15153,1,7,22,27,33,2,11
dlt,16001,1,7,19,20,30,5,10
dlt,16002,7,12,18,25,35,7,9
dlt,16003,4,12,17,22,26,6,7
dlt,16004,10,20,23,32,35,9,10
dlt,16005,6,9,12,15,20,8,11
dlt,16006,14,16,17,22,24,2,9
dlt,16007,2,5,14,32,35,1,3
dlt,16008,5,12,31,34,35,4,5
dlt,16009,5,8,10,17,20,2,12
dlt,16010,12,13,15,16,28,2,5
dlt,16011,2,8,10,15,23,5,10
dlt,16012,5,7,11,23,28,3,12
dlt,16013,3,21,23,31,35,2,11
dlt,16014,6,8,21,24,27,2,10
dlt,16015,1,4,10,13,30,3,9
dlt,16016,3,10,22,29,32,2,5
dlt,16017,11,18,24,28,29,5,10
dlt,16018,5,10,13,27,33,8,11
dlt,16019,4,11,15,20,26,8,9
dlt,16020,1,16,22,29,30,2,9
dlt,16021,1,4,9,10,35,9,11
dlt,16022,4,18,21,30,35,2,11
dlt,16023,4,9,14,25,27,6,11
dlt,16024,1,2,11,15,18,4,8
dlt,16025,3,6,13,23,24,7,10
dlt,16026,2,6,29,30,34,1,7
dlt,16027,6,11,13,15,28,2,6
dlt,16028,13,18,20,23,31,3,6
dlt,16029,20,26,27,29,32,5,12
dlt,16030,10,19,21,29,33,4,6
dlt,16031,3,14,24,27,29,4,11
dlt,16032,5,9,14,20,33,5,12
dlt,16033,3,14,15,31,35,9,10
dlt,16034,14,18,31,32,35,9,10
dlt,16035,17,22,24,25,29,9,12
dlt,16036,7,15,26,30,31,3,6
dlt,16037,3,5,13,24,34,3,5
dlt,16038,3,7,9,15,33,5,12
dlt,16039,1,8,16,22,28,4,5
dlt,16040,20,22,29,30,35,1,6
dlt,16041,12,23,24,27,34,3,6
dlt,16042,2,6,8,19,24,1,6
dlt,16043,1,9,16,33,34,9,12
dlt,16044,1,6,10,20,31,5,11
dlt,16045,7,11,25,30,33,2,8
dlt,16046,3,19,22,32,34,8,12
dlt,16047,2,3,23,29,32,5,9
dlt,16048,4,12,17,25,27,4,10
dlt,16049,3,4,5,27,33,4,9
dlt,16050,7,17,21,29,35,4,5
dlt,16051,16,21,23,24,32,7,8
dlt,16052,8,14,19,20,33,10,11
dlt,16053,4,13,15,30,35,3,5
dlt,16054,2,5,9,21,30,6,7
dlt,16055,6,21,27,30,34,4,9
dlt,16056,10,12,14,31,35,4,5
dlt,16057,8,17,19,23,30,3,8
dlt,16058,2,15,17,23,28,5,9
dlt,16059,2,10,27,28,33,5,7
dlt,16060,2,6,22,27,34,8,11
dlt,16061,9,15,17,21,23,7,12
dlt,16062,2,10,14,15,35,1,9
dlt,16063,8,12,22,27,35,5,9
dlt,16064,1,2,10,18,35,5,11
dlt,16065,1,9,18,22,24,11,12
dlt,16066,10,28,29,31,33,5,11
dlt,16067,2,8,11,13,19,2,8
dlt,16068,5,7,22,26,34,7,12
dlt,16069,14,17,19,23,30,2,9
dlt,16070,2,9,13,19,23,5,7
dlt,16071,8,15,19,20,33,7,12
dlt,16072,16,20,24,26,31,4,9
dlt,16073,7,14,17,24,27,8,10
dlt,16074,1,5,7,11,14,3,8
dlt,16075,3,7,17,22,31,8,12
dlt,16076,3,8,10,17,31,5,6
dlt,16077,9,11,14,16,35,2,5
dlt,16078,7,18,29,31,35,5,11
dlt,16079,7,14,15,20,27,5,10
dlt,16080,15,20,29,30,33,7,12
dlt,16081,6,7,18,21,33,3,8
dlt,16082,3,8,23,28,29,2,7
dlt,16083,1,5,9,33,35,1,5
dlt,16084,8,12,15,26,35,1,8
dlt,16085,14,15,27,31,32,1,7
dlt,16086,3,5,22,25,30,7,9
dlt,16087,3,16,17,23,25,7,9
dlt,16088,4,6,17,21,30,6,11
dlt,16089,7,14,17,28,34,7,10
dlt,16090,4,6,8,28,32,7,12
dlt,16091,8,13,17,21,22,2,8
dlt,16092,2,13,31,33,34,7,11
dlt,16093,1,8,14,30,35,6,7
dlt,16094,1,14,16,17,18,5,7
dlt,16095,8,12,18,19,21,3,6
dlt,16096,1,6,8,12,21,5,10
dlt,16097,6,8,18,31,33,10,12
dlt,16098,8,9,11,20,29,4,5
dlt,16099,3,4,12,14,27,1,5
dlt,16100,8,12,19,26,30,2,12
dlt,16101,4,6,28,33,35,7,12
dlt,16102,3,5,6,34,35,3,12
dlt,16103,5,14,20,23,29,3,11
dlt,16104,1,20,22,23,30,6,7
dlt,16105,8,11,31,34,35,1,2
dlt,16106,3,21,30,33,35,1,4
dlt,16107,2,6,19,24,26,4,6
dlt,16108,10,17,22,23,25,7,9
dlt,16109,3,25,28,31,34,11,12
dlt,16110,7,20,21,23,30,7,10
dlt,16111,4,9,22,26,27,2,12
dlt,16112,7,22,23,31,32,4,5
dlt,16113,10,11,17,30,34,3,12
dlt,16114,16,17,20,32,33,3,7
dlt,16115,1,4,15,31,34,2,11
dlt,16116,4,6,8,19,34,10,12
dlt,16117,3,9,14,16,23,2,9
dlt,16118,12,15,18,24,29,3,11
dlt,16119,2,3,9,21,22,5,10
dlt,16120,3,10,20,32,34,4,7
dlt,16121,4,5,8,15,20,1,6
dlt,16122,1,3,12,14,29,2,6
dlt,16123,4,5,13,20,32,1,10
dlt,16124,4,13,24,26,29,8,11
dlt,16125,6,7,8,28,30,1,2
dlt,16126,11,13,16,19,24,6,8
dlt,16127,1,5,15,24,26,9,10
dlt,16128,17,20,22,30,33,7,8
dlt,16129,7,8,19,30,35,8,9
dlt,16130,11,23,32,33,34,1,12
dlt,16131,6,13,25,28,30,2,7
dlt,16132,4,18,19,22,35,1,2
dlt,16133,1,4,5,23,28,5,9
dlt,16134,1,3,31,32,34,2,7
dlt,16135,1,10,12,18,35,1,12
dlt,16136,5,6,7,19,23,4,11
dlt,16137,7,20,23,29,34,2,10
dlt,16138,12,13,16,29,35,5,11
dlt,16139,13,21,30,31,35,1,8
dlt,16140,12,16,23,29,34,4,11
dlt,16141,2,6,7,19,28,11,12
dlt,16142,1,6,17,23,26,6,12
dlt,16143,4,6,22,27,31,6,7
dlt,16144,4,5,13,22,31,5,10
dlt,16145,1,9,11,17,28,3,8
dlt,16146,21,22,25,29,34,1,11
dlt,16147,7,19,20,28,30,4,12
dlt,16148,5,14,15,23,25,6,8
dlt,16149,1,2,3,12,33,4,9
dlt,16150,1,10,18,24,29,7,10
dlt,16151,4,7,11,14,21,5,12
dlt,16152,8,17,22,24,30,5,11
dlt,16153,13,18,25,29,35,3,11
dlt,16154,6,16,17,21,29,4,6
dlt,17001,7,9,20,31,33,8,10
dlt,17002,7,12,14,31,34,9,11
dlt,17003,3,5,6,13,22,9,12
dlt,17004,5,8,11,28,31,6,7
dlt,17005,5,9,20,26,35,2,11
dlt,17006,4,6,23,32,33,5,6
dlt,17007,8,11,17,25,27,2,4
dlt,17008,3,4,9,25,32,2,4
dlt,17009,5,6,8,12,22,3,4
dlt,17010,4,10,13,18,35,1,2
dlt,17011,5,15,21,29,34,6,9
dlt,17012,4,5,24,26,35,7,12
dlt,17013,5,12,17,30,34,11,12
dlt,17014,4,8,15,24,25,2,5
dlt,17015,1,7,19,27,34,1,2
dlt,17016,3,13,28,30,33,9,10
dlt,17017,4,19,24,26,29,4,6
dlt,17018,6,7,10,17,23,1,9
dlt,17019,2,6,14,23,25,2,10
dlt,17020,16,21,24,27,28,4,7
dlt,17021,1,15,17,20,26,6,8
dlt,17022,2,3,9,17,24,6,12
dlt,17023,5,8,12,24,34,7,10
dlt,17024,21,23,29,32,35,11,12
dlt,17025,10,16,19,20,34,4,5
dlt,17026,10,14,19,25,32,2,7
dlt,17027,8,17,25,33,34,3,11
dlt,17028,6,18,22,23,33,9,11
dlt,17029,1,6,14,17,29,1,11
dlt,17030,21,22,24,29,34,5,6
dlt,17031,2,16,17,30,32,2,9
dlt,17032,2,13,14,18,29,3,9
dlt,17033,15,22,23,25,34,5,11
dlt,17034,6,12,21,26,29,2,11
dlt,17035,14,17,22,30,33,7,12
dlt,17036,1,4,9,18,33,2,5
dlt,17037,13,15,16,32,34,6,11
dlt,17038,4,5,13,18,27,3,9
dlt,17039,5,6,14,17,26,3,8
dlt,17040,4,6,10,23,29,9,11
dlt,17041,2,4,6,25,31,5,9
dlt,17042,2,17,31,33,34,1,7
dlt,17043,6,13,22,25,35,9,12
dlt,17044,11,16,17,18,25,2,9
dlt,17045,1,8,11,21,35,9,12
dlt,17046,4,17,20,23,30,2,3
dlt,17047,15,19,32,33,34,9,12
dlt,17048,7,9,13,15,19,3,10
dlt,17049,9,12,14,22,31,5,8
dlt,17050,12,14,17,20,28,2,6
dlt,17051,14,17,18,22,29,10,11
dlt,17052,3,19,24,28,33,4,12
dlt,17053,6,19,20,22,26,1,11
dlt,17054,16,29,30,32,33,4,5
dlt,17055,19,20,22,30,33,3,9
dlt,17056,1,4,24,27,32,3,10
dlt,17057,12,16,19,23,24,2,5
dlt,17058,14,18,20,21,28,3,6
dlt,17059,8,11,13,15,17,3,10
dlt,17060,9,15,20,26,31,5,12
dlt,17061,10,19,23,25,30,2,4
dlt,17062,1,4,6,8,28,8,12
dlt,17063,18,21,22,24,29,5,11
dlt,17064,1,8,20,27,30,3,4
dlt,17065,5,11,12,19,28,5,12
dlt,17066,11,15,23,26,30,2,11
dlt,17067,10,17,18,32,35,10,11
dlt,17068,7,8,19,24,27,6,7
dlt,17069,10,16,20,23,32,8,11
dlt,17070,6,16,18,26,30,2,3
dlt,17071,1,4,11,14,33,5,7
dlt,17072,1,3,29,32,34,2,5
dlt,17073,7,18,28,31,33,1,2
dlt,17074,8,10,11,13,17,8,11
dlt,17075,5,11,16,18,35,1,6
dlt,17076,2,7,25,30,35,7,12
dlt,17077,1,3,4,25,31,6,9
dlt,17078,4,5,27,31,34,3,6
dlt,17079,1,17,19,32,33,2,11
dlt,17080,8,10,21,30,31,2,5
dlt,17081,2,12,15,20,34,1,6
dlt,17082,5,13,20,21,25,8,9
dlt,17083,2,5,14,22,34,3,9
dlt,17084,6,11,14,21,31,9,12
dlt,17085,9,13,14,25,30,2,5
dlt,17086,12,15,18,22,31,1,8
dlt,17087,3,14,21,29,35,2,6
dlt,17088,5,28,31,34,35,8,9
dlt,17089,3,5,6,15,18,3,10
dlt,17090,3,6,15,22,35,9,11
dlt,17091,1,5,7,16,19,3,12
dlt,17092,3,7,9,17,34,4,5
dlt,17093,5,6,17,21,29,2,4
dlt,17094,3,5,8,29,33,4,8
dlt,17095,15,32,33,34,35,3,12
dlt,17096,3,7,9,17,28,4,12
dlt,17097,7,14,19,22,34,7,12
dlt,17098,6,9,17,30,35,10,11
dlt,17099,8,9,17,18,24,3,7
dlt,17100,2,5,18,19,31,1,9
dlt,17101,5,15,21,25,29,5,8
dlt,17102,1,12,23,24,29,8,12
dlt,17103,4,19,20,24,29,3,4
dlt,17104,9,11,22,27,30,9,11
dlt,17105,4,15,22,24,32,2,9
dlt,17106,9,12,18,23,29,2,4
dlt,17107,4,10,19,25,27,6,12
dlt,17108,1,4,15,21,22,4,9
dlt,17109,6,9,19,26,34,5,7
dlt,17110,10,14,20,21,35,2,5
dlt,17111,2,14,17,26,34,8,12
dlt,17112,5,6,20,31,32,6,12
dlt,17113,5,8,17,18,23,4,12
dlt,17114,6,7,12,18,23,1,12
dlt,17115,14,19,20,25,31,6,8
dlt,17116,2,27,30,32,33,1,3
dlt,17117,5,7,9,24,32,8,10
dlt,17118,2,7,16,20,33,3,11
dlt,17119,5,7,13,29,35,3,8
dlt,17120,8,15,24,26,27,5,6
dlt,17121,1,6,12,26,31,1,7
dlt,17122,3,12,18,29,34,3,11
dlt,17123,3,15,23,26,32,1,12
dlt,17124,3,29,30,32,35,3,8
dlt,17125,7,11,18,26,28,4,5
dlt,17126,3,4,13,24,33,1,11
dlt,17127,2,15,18,21,22,3,10
dlt,17128,9,11,13,18,33,2,3
dlt,17129,5,17,20,32,33,4,9
dlt,17130,5,18,28,33,34,3,4
dlt,17131,3,5,8,19,34,1,12
dlt,17132,11,17,23,26,27,1,10
dlt,17133,15,17,19,32,33,1,3
dlt,17134,7,18,19,32,34,2,10
dlt,17135,1,12,15,19,22,2,4
dlt,17136,1,11,20,21,22,3,4
dlt,17137,1,20,22,28,29,5,7
dlt,17138,4,7,9,20,25,2,11
dlt,17139,2,6,19,25,32,9,12
dlt,17140,10,16,25,26,29,1,5
dlt,17141,2,8,21,22,29,3,5
dlt,17142,1,5,16,19,28,2,10
dlt,17143,6,9,24,29,32,2,7
dlt,17144,3,21,23,29,32,10,11
dlt,17145,4,7,17,18,19,3,10
dlt,17146,1,5,11,14,35,9,10
dlt,17147,5,16,17,25,34,1,11
dlt,17148,19,27,31,32,35,11,12
dlt,17149,10,18,19,25,26,4,12
dlt,17150,3,6,10,13,18,9,11
dlt,17151,5,6,23,28,32,4,5
dlt,17152,2,4,7,23,28,2,8
dlt,17153,1,9,24,26,34,9,12
dlt,18001,1,13,22,25,35,3,4
dlt,18002,12,20,23,27,34,1,6
dlt,18003,4,21,23,24,30,9,10
dlt,18004,4,9,22,28,30,1,10
dlt,18005,4,9,23,24,30,8,11
dlt,18006,19,20,30,32,33,3,5
dlt,18007,3,4,28,31,34,4,11
dlt,18008,9,15,17,20,22,10,11
dlt,18009,10,12,28,30,34,3,4
dlt,18010,24,25,26,28,29,4,12
dlt,18011,3,13,15,23,26,1,10
dlt,18012,3,22,24,29,34,7,11
dlt,18013,8,24,31,33,35,7,10
dlt,18014,14,16,18,24,31,1,8
dlt,18015,4,13,15,18,29,5,11
dlt,18016,1,2,12,13,23,9,12
dlt,18017,4,19,21,23,31,4,9
dlt,18018,6,8,13,24,28,6,12
dlt,18019,10,11,19,21,28,5,12
dlt,18020,1,10,13,14,21,9,12
dlt,18021,5,6,8,9,15,4,11
dlt,18022,2,10,19,33,35,5,6
dlt,18023,12,13,18,21,29,2,8
dlt,18024,2,16,24,30,32,4,7
dlt,18025,7,8,9,15,34,7,8
dlt,18026,1,2,3,4,30,3,5
dlt,18027,1,18,20,21,26,4,11
dlt,18028,4,19,25,30,35,4,7
dlt,18029,3,9,21,25,29,1,8
dlt,18030,5,18,21,28,32,9,11
dlt,18031,3,8,13,17,23,5,11
dlt,18032,7,10,17,32,35,5,12
dlt,18033,2,3,19,23,34,4,9
dlt,18034,8,11,22,27,32,3,7
dlt,18035,5,7,10,12,24,7,11
dlt,18036,11,17,18,21,27,7,8
dlt,18037,1,3,27,30,31,2,11
dlt,18038,14,23,25,31,32,1,3
dlt,18039,2,7,14,29,32,10,11
dlt,18040,5,7,18,27,31,1,8
dlt,18041,1,23,25,31,33,1,12
dlt,18042,3,19,25,29,35,5,9
dlt,18043,3,6,13,28,33,4,11
dlt,18044,2,4,6,18,21,5,8
dlt,18045,2,5,20,30,35,5,9
dlt,18046,10,20,22,29,32,5,10
dlt,18047,3,8,10,14,20,4,8
dlt,18048,2,3,11,20,25,2,7
dlt,18049,4,7,9,10,13,6,12
dlt,18050,22,24,26,34,35,6,12
dlt,18051,9,18,28,29,35,3,11
dlt,18052,5,16,18,19,25,2,7
dlt,18053,11,16,21,23,25,2,12
dlt,18054,9,10,12,20,30,1,7
dlt,18055,3,7,20,33,34,9,10
dlt,18056,2,4,16,28,34,5,7
dlt,18057,13,19,22,27,28,5,6
dlt,18058,9,11,12,26,32,4,10
dlt,18059,1,9,10,27,35,6,11
dlt,18060,4,22,27,29,31,2,10
dlt,18061,4,10,12,28,31,8,11
dlt,18062,12,14,19,23,35,2,7
dlt,18063,5,14,15,32,34,3,10
dlt,18064,1,3,4,11,29,2,4
dlt,18065,7,10,28,31,32,8,10
dlt,18066,1,20,23,32,33,1,4
dlt,18067,3,7,12,18,31,7,10
dlt,18068,8,12,16,26,33,5,6
dlt,18069,1,8,13,21,24,2,11
dlt,18070,2,5,10,16,30,4,7
dlt,18071,2,5,23,30,31,3,9
dlt,18072,5,12,17,24,26,1,2
dlt,18073,13,19,24,25,29,2,8
dlt,18074,3,9,12,28,30,4,12
dlt,18075,1,6,12,20,34,4,12
dlt,18076,7,18,28,29,32,6,8
dlt,18077,1,6,9,15,26,8,9
dlt,18078,7,11,12,22,30,3,6
dlt,18079,3,4,10,27,29,1,5
dlt,18080,7,16,24,26,31,10,11
dlt,18081,2,10,13,21,35,1,12
dlt,18082,1,2,14,17,18,8,10
dlt,18083,7,12,25,27,28,10,11
dlt,18084,6,11,17,22,35,11,12
dlt,18085,1,2,14,25,31,5,7
dlt,18086,16,22,24,29,31,4,5
dlt,18087,3,14,19,23,25,1,4
dlt,18088,8,9,21,25,33,1,8
dlt,18089,26,27,28,32,34,6,10
dlt,18090,6,20,24,33,34,4,11
dlt,18091,6,22,26,28,31,1,7
dlt,18092,5,7,14,18,19,4,10
dlt,18093,3,11,16,18,33,3,11
dlt,18094,11,16,25,30,34,8,10
dlt,18095,7,14,18,29,35,5,12
dlt,18096,13,14,20,28,34,6,10
dlt,18097,10,12,14,18,23,1,4
dlt,18098,2,15,18,25,27,5,7
dlt,18099,12,13,16,20,21,1,7
dlt,18100,6,20,21,26,30,6,9
dlt,18101,3,14,15,23,29,4,5
dlt,18102,6,7,13,22,24,10,12
dlt,18103,14,24,26,28,35,2,3
dlt,18104,1,13,14,26,28,7,11
dlt,18105,1,16,19,20,31,2,7
dlt,18106,4,14,17,24,31,1,4
dlt,18107,7,8,9,10,22,3,4
dlt,18108,9,10,24,31,32,7,12
dlt,18109,10,16,23,25,34,2,5
dlt,18110,6,19,21,27,28,3,11
dlt,18111,3,16,27,28,32,4,5
dlt,18112,3,7,8,9,29,9,10
dlt,18113,8,12,27,31,33,4,8
dlt,18114,12,18,26,28,29,5,6
dlt,18115,2,6,13,18,25,1,2
dlt,18116,1,14,17,21,33,7,10
dlt,18117,7,11,13,22,29,3,8
dlt,18118,4,5,14,21,34,6,9
dlt,18119,6,9,11,16,35,2,5
dlt,18120,21,22,25,27,30,8,9
dlt,18121,6,7,21,29,30,1,10
dlt,18122,8,9,21,30,31,5,12
dlt,18123,6,9,29,32,35,2,4
dlt,18124,8,10,12,19,20,10,11
dlt,18125,7,16,20,21,34,4,6
dlt,18126,11,13,15,21,27,5,6
dlt,18127,1,3,4,11,29,8,12
dlt,18128,11,12,14,16,26,8,9
dlt,18129,4,7,21,22,29,3,6
dlt,18130,3,4,16,18,25,1,11
dlt,18131,12,14,21,32,33,2,11
dlt,18132,3,16,22,23,27,1,4
dlt,18133,8,12,14,15,19,1,10
dlt,18134,4,5,19,31,35,2,12
dlt,18135,14,19,23,27,34,6,12
dlt,18136,3,11,12,19,21,5,11
dlt,18137,7,10,22,23,33,8,11
dlt,18138,1,23,24,28,33,4,5
dlt,18139,5,11,16,28,35,6,9
dlt,18140,1,6,8,12,15,3,4
dlt,18141,3,7,23,26,33,4,9
dlt,18142,19,24,28,29,34,10,11
dlt,18143,4,7,20,22,33,1,2
dlt,18144,6,17,18,24,31,7,11
dlt,18145,9,18,29,31,33,6,11
dlt,18146,3,8,9,13,33,1,2
dlt,18147,1,11,26,33,35,2,10
dlt,18148,2,6,24,33,34,2,3
dlt,18149,1,7,10,11,20,3,6
dlt,18150,5,12,13,31,34,10,12
dlt,18151,4,8,18,29,30,3,7
dlt,18152,2,4,5,12,28,8,11
dlt,18153,3,6,7,8,21,1,8
dlt,18154,14,22,23,26,30,3,5
dlt,19001,6,18,23,26,28,3,12
dlt,19002,2,7,14,22,31,1,7
dlt,19003,4,8,18,20,32,10,12
dlt,19004,15,16,17,31,32,3,9
dlt,19005,21,26,27,29,34,5,6
dlt,19006,14,17,19,25,30,4,8
dlt,19007,3,12,16,29,32,1,5
dlt,19008,3,8,17,20,24,6,11
dlt,19009,3,9,15,18,26,6,12
dlt,19010,3,7,24,25,27,2,12
dlt,19011,4,12,13,16,17,4,9
dlt,19012,5,9,17,18,19,7,10
dlt,19013,8,10,15,17,18,1,8
dlt,19014,12,14,20,28,31,9,11
dlt,19015,2,5,10,13,30,4,6
dlt,19016,3,5,13,16,28,2,6
dlt,19017,1,5,7,22,25,3,4
dlt,19018,3,18,19,26,34,6,12
dlt,19019,4,11,19,25,32,1,2
dlt,19020,1,8,16,27,34,3,12
dlt,19021,7,13,17,24,33,1,10
dlt,19022,1,4,14,15,21,1,5
dlt,19023,1,3,14,26,30,6,11
dlt,19024,11,17,19,29,33,8,9
dlt,19025,6,13,16,19,29,3,7
dlt,19026,10,12,15,17,19,2,3
dlt,19027,16,18,24,25,27,2,7
dlt,19028,6,22,28,29,33,2,7
dlt,19029,1,4,18,24,28,2,3
dlt,19030,7,9,13,14,33,2,4
dlt,19031,3,8,21,26,33,4,5
dlt,19032,1,4,7,11,30,7,8
dlt,19033,1,2,4,16,24,7,9
dlt,19034,8,12,15,27,30,1,2
dlt,19035,1,3,5,7,18,8,9
dlt,19036,3,9,21,28,30,1,12
dlt,19037,6,16,26,33,35,4,8
dlt,19038,5,11,16,18,27,7,12
dlt,19039,1,12,18,26,35,6,12
dlt,19040,1,3,31,32,34,1,3
dlt,19041,12,19,20,22,28,2,6
dlt,19042,4,10,13,28,33,11,12
dlt,19043,2,6,7,12,15,6,12
dlt,19044,3,6,10,12,31,1,2
dlt,19045,1,4,16,19,33,3,12
dlt,19046,2,8,14,15,35,10,12
dlt,19047,3,4,10,16,32,4,9
dlt,19048,6,10,16,29,33,5,11
dlt,19049,10,16,22,26,27,7,11
dlt,19050,4,15,16,20,35,3,12
dlt,19051,11,15,16,20,29,4,8
dlt,19052,4,10,15,20,24,7,11
dlt,19053,1,11,19,26,35,11,12
dlt,19054,2,18,23,27,30,5,10
dlt,19055,2,4,6,19,22,2,6
dlt,19056,1,7,10,12,23,6,8
dlt,19057,8,14,16,34,35,6,12
dlt,19058,3,10,13,14,32,7,11
dlt,19059,7,8,15,27,32,8,12
dlt,19060,1,11,12,18,21,8,10
dlt,19061,1,2,13,14,26,5,11
dlt,19062,5,16,23,25,28,1,12
dlt,19063,5,8,15,18,21,4,8
dlt,19064,7,8,13,19,29,11,12
dlt,19065,3,8,10,23,27,2,12
dlt,19066,4,10,11,18,31,5,8
dlt,19067,3,8,11,15,16,2,10
dlt,19068,4,5,8,17,27,6,11
dlt,19069,8,22,23,33,34,4,6
dlt,19070,2,13,15,22,34,2,12
dlt,19071,7,13,14,15,22,7,11
dlt,19072,2,4,6,9,18,7,10
dlt,19073,4,11,19,20,24,8,11
dlt,19074,8,9,13,14,34,5,7
dlt,19075,5,6,7,11,16,2,11
dlt,19076,1,6,11,23,29,1,11
dlt,19077,1,15,17,21,33,7,10
dlt,19078,5,10,21,26,30,1,7
dlt,19079,10,13,16,28,35,4,5
dlt,19080,5,13,18,19,24,2,7
dlt,19081,6,24,26,30,33,2,7
dlt,19082,6,18,20,21,31,3,4
dlt,19083,17,24,26,28,32,7,9
dlt,19084,12,23,25,34,35,1,7
dlt,19085,4,5,6,15,26,8,11
dlt,19086,5,15,16,28,31,2,7
dlt,19087,5,6,18,19,27,7,12
dlt,19088,1,5,18,27,33,6,8
dlt,19089,9,14,18,33,34,3,12
dlt,19090,13,19,28,30,33,2,12
dlt,19091,4,13,20,26,28,3,12
dlt,19092,2,11,15,27,30,2,5
dlt,19093,16,17,26,29,35,1,7
dlt,19094,1,12,14,26,27,7,9
dlt,19095,3,12,17,19,31,2,6
dlt,19096,2,12,22,23,27,2,6
dlt,19097,10,17,20,30,35,10,12
dlt,19098,13,15,17,19,22,3,4
dlt,19099,4,6,18,27,33,7,9
dlt,19100,5,8,12,19,21,6,11
dlt,19101,5,11,18,19,27,5,6
dlt,19102,5,10,15,19,31,3,6
dlt,19103,5,12,22,27,32,4,7
dlt,19104,2,7,19,22,28,3,5
dlt,19105,1,4,9,14,17,1,6
dlt,19106,5,8,10,32,35,2,10
dlt,19107,5,9,19,27,35,2,3
dlt,19108,24,27,28,31,34,4,8
dlt,19109,2,7,8,20,25,11,12
dlt,19110,1,19,23,24,30,4,5
dlt,19111,6,15,20,23,27,8,10
dlt,19112,3,10,16,21,33,5,6
dlt,19113,3,11,27,34,35,1,2
dlt,19114,3,5,7,20,23,4,11
dlt,19115,1,18,21,28,32,5,12
dlt,19116,2,10,16,21,23,2,12
dlt,19117,1,18,21,25,35,7,8
dlt,19118,2,3,13,19,26,2,3
dlt,19119,3,6,9,23,34,2,11
dlt,19120,6,15,17,22,25,1,9
dlt,19121,1,2,3,7,17,4,10
dlt,19122,5,19,25,31,33,10,11
dlt,19123,3,13,15,26,30,5,12
dlt,19124,7,17,26,27,30,6,12
dlt,19125,5,8,9,14,34,2,5
dlt,19126,5,9,16,18,30,4,7
dlt,19127,4,7,8,11,16,9,11
dlt,19128,20,21,25,34,35,3,12
dlt,19129,10,13,18,23,30,6,12
dlt,19130,1,13,20,21,26,4,10
dlt,19131,5,6,14,27,29,6,10
dlt,19132,3,5,6,13,18,10,12
dlt,19133,3,12,24,27,34,1,12
dlt,19134,5,6,7,14,17,10,11
dlt,19135,4,5,19,25,26,1,11
dlt,19136,3,16,20,26,29,3,9
dlt,19137,3,5,12,13,26,7,12
dlt,19138,4,6,7,20,29,2,4
dlt,19139,1,5,7,8,11,6,10
dlt,19140,3,7,8,25,27,3,5
dlt,19141,2,10,20,21,35,1,12
dlt,19142,3,4,26,29,33,6,7
dlt,19143,4,22,23,24,32,6,12
dlt,19144,2,5,20,28,31,2,11
dlt,19145,5,9,19,22,32,3,5
dlt,19146,10,11,26,33,34,1,6
dlt,19147,9,12,19,22,33,7,8
dlt,19148,3,4,7,11,30,8,9
dlt,19149,1,2,7,33,35,6,10
dlt,19150,7,11,12,16,33,5,7
dlt,20001,17,25,26,32,34,4,7
dlt,20002,3,7,18,25,30,2,7
dlt,20003,23,25,26,30,34,3,7
dlt,20004,17,20,21,29,30,5,9
dlt,20005,6,10,33,34,35,1,3
dlt,20006,9,22,25,31,32,8,12
dlt,20007,2,10,19,24,30,5,8
dlt,20008,14,17,19,24,32,1,6
dlt,20009,19,29,31,34,35,6,10
dlt,20010,1,8,13,24,32,2,9
dlt,20011,2,13,19,22,23,2,7
dlt,20012,1,6,18,32,34,1,3
dlt,20013,1,4,5,11,35,3,9
dlt,20014,3,7,9,17,21,3,6
dlt,20015,1,7,23,24,26,3,7
dlt,20016,4,8,19,31,35,1,2
dlt,20017,1,6,7,9,10,2,11
dlt,20018,9,14,16,24,26,4,12
dlt,20019,1,12,22,23,33,1,12
dlt,20020,8,10,12,26,32,5,9
dlt,20021,10,12,24,31,33,4,9
dlt,20022,4,14,20,28,35,2,3
dlt,20023,4,11,23,26,30,1,6
dlt,20024,3,5,6,24,30,3,7
dlt,20025,2,14,21,22,26,5,7
dlt,20026,3,15,26,32,34,8,12
dlt,20027,4,7,20,25,32,3,9
dlt,20028,4,5,28,34,35,1,8
dlt,20029,11,14,17,22,30,7,9
dlt,20030,1,8,17,27,30,5,6
dlt,20031,1,2,5,15,21,4,5
dlt,20032,2,3,9,16,32,3,4
dlt,20033,7,19,20,31,34,5,8
dlt,20034,11,13,20,27,31,2,4
dlt,20035,10,11,22,26,28,2,4
dlt,20036,1,5,11,12,26,2,7
dlt,20037,1,4,10,11,14,2,5
dlt,20038,4,15,20,22,24,1,9
dlt,20039,1,5,15,22,31,2,9
dlt,20040,2,17,20,28,29,1,7
dlt,20041,7,13,20,29,34,4,7
dlt,20042,3,4,5,11,22,5,6
dlt,20043,12,13,17,31,32,1,6
dlt,20044,1,3,22,28,30,2,5
dlt,20045,2,9,16,23,27,3,8
dlt,20046,15,24,27,30,34,4,12
dlt,20047,4,18,27,28,30,3,10
dlt,20048,3,9,10,15,16,7,9
dlt,20049,3,11,15,22,30,8,10
dlt,20050,3,14,16,22,34,2,6
dlt,20051,2,7,9,19,33,1,7
dlt,20052,9,11,26,28,35,6,7
dlt,20053,2,15,18,21,27,3,6
dlt,20054,11,14,15,19,20,3,7
dlt,20055,3,4,12,18,34,10,12
dlt,20056,3,11,25,29,34,3,6
dlt,20057,17,20,21,22,31,2,8
dlt,20058,1,15,19,26,27,5,10
dlt,20059,1,15,22,28,32,3,11
dlt,20060,12,14,25,34,35,3,12
dlt,20061,7,8,12,21,26,1,6
dlt,20062,1,5,14,23,31,2,7
dlt,20063,11,18,20,21,33,6,7
dlt,20064,5,10,23,34,35,1,11
dlt,20065,13,15,26,32,33,5,7
dlt,20066,6,14,21,34,35,3,10
dlt,20067,1,8,14,16,28,4,10
dlt,20068,15,20,23,26,33,2,8
dlt,20069,5,7,26,30,31,7,10
dlt,20070,1,22,30,31,32,4,12
dlt,20071,1,12,16,28,33,3,12
dlt,20072,11,15,18,20,27,5,6
dlt,20073,4,10,12,23,27,8,9
dlt,20074,3,9,10,12,21,4,11
dlt,20075,2,9,10,21,35,1,7
dlt,20076,1,8,18,28,30,10,12
dlt,20077,17,23,28,29,32,1,3
dlt,20078,14,18,20,28,34,10,11
dlt,20079,4,16,24,29,35,2,12
dlt,20080,3,6,22,24,25,9,10
dlt,20081,1,13,15,32,35,8,10
dlt,20082,2,11,12,21,34,4,8
dlt,20083,1,2,17,32,34,4,9
dlt,20084,2,10,20,24,31,6,12
dlt,20085,3,4,11,15,28,2,3
dlt,20086,8,11,15,20,28,4,10
dlt,20087,1,4,20,23,29,4,8
dlt,20088,2,7,23,26,35,1,12
dlt,20089,13,16,20,22,27,1,2
dlt,20090,5,6,27,28,29,11,12
dlt,20091,12,16,20,23,31,5,12
dlt,20092,8,11,17,31,35,7,11
dlt,20093,6,14,25,27,28,4,11
dlt,20094,4,6,7,8,16,2,8
dlt,20095,2,18,25,26,32,2,7
dlt,20096,7,8,10,25,28,3,11
dlt,20097,5,25,27,30,34,6,12
dlt,20098,4,9,15,24,35,4,10
dlt,20099,2,3,11,15,27,4,12
dlt,20100,4,5,8,22,33,7,10
dlt,20101,3,4,5,9,34,7,9
dlt,20102,7,11,18,20,29,9,12
dlt,20103,7,12,13,19,23,2,8
dlt,20104,3,12,23,26,30,4,7
dlt,20105,3,8,12,13,22,4,12
dlt,20106,2,3,11,14,27,4,10
dlt,20107,1,4,13,17,28,3,7
dlt,20108,2,3,6,7,33,8,9
dlt,20109,2,20,21,23,32,6,12
dlt,20110,11,16,20,21,28,5,11
dlt,20111,5,7,9,20,28,2,7
dlt,20112,8,11,13,30,32,2,6
dlt,20113,6,14,18,28,33,2,5
dlt,20114,10,12,21,24,30,3,7
dlt,20115,1,9,18,19,23,1,9
dlt,20116,8,10,12,16,22,3,9
dlt,20117,7,19,20,23,24,5,10
dlt,20118,1,9,15,30,33,4,9
dlt,20119,14,22,24,28,32,7,8
dlt,20120,5,25,26,30,35,4,10
dlt,20121,9,17,27,28,35,3,8
dlt,20122,8,19,29,34,35,6,11
dlt,20123,1,7,11,15,21,4,11
dlt,20124,11,15,24,26,35,4,5
dlt,20125,1,2,3,8,22,1,4
dlt,20126,1,4,9,22,28,4,12
dlt,20127,1,4,17,18,26,3,10
dlt,20128,9,12,13,26,33,4,10
dlt,20129,10,22,27,33,34,1,11
dlt,20130,16,17,23,26,32,2,12
dlt,20131,8,25,27,29,35,2,3
dlt,20132,3,15,16,17,21,7,10
dlt,20133,11,24,26,33,35,8,9
dlt,20134,8,11,13,22,25,4,7
dlt,21001,2,6,12,19,33,8,9
dlt,21002,2,16,26,31,34,9,11
dlt,21003,7,21,28,31,35,4,10
dlt,21004,5,10,17,23,28,2,8
dlt,21005,3,7,10,12,35,3,5
dlt,21006,4,22,25,28,35,4,5
dlt,21007,5,23,30,34,35,8,10
dlt,21008,5,19,20,27,33,3,8
dlt,21009,1,3,20,29,32,5,12
dlt,21010,1,5,16,22,34,8,11
dlt,21011,6,9,11,14,21,1,3
dlt,21012,6,12,20,23,33,1,9
dlt,21013,21,27,28,30,34,8,11
dlt,21014,7,13,20,27,29,4,9
dlt,21015,4,8,17,19,25,1,7
dlt,21016,8,9,10,19,34,1,2
dlt,21017,17,21,26,29,32,2,7
dlt,21018,2,20,23,26,34,5,10
dlt,21019,1,12,13,28,29,3,4
dlt,21020,7,21,22,30,33,4,6
dlt,21021,16,18,29,33,35,9,12
dlt,21022,2,12,22,30,33,2,4
dlt,21023,7,9,13,16,32,2,9
dlt,21024,11,14,21,24,31,2,10
dlt,21025,17,18,23,30,31,10,12
dlt,21026,7,11,20,24,27,1,11
dlt,21027,9,21,22,26,30,4,12
dlt,21028,2,3,5,17,29,4,10
dlt,21029,2,6,10,32,33,4,7
dlt,21030,18,23,25,26,32,2,7
dlt,21031,1,4,19,20,34,3,5
dlt,21032,1,11,14,34,35,7,10
dlt,21033,1,3,5,30,32,1,5
dlt,21034,8,10,14,25,34,7,8
dlt,21035,5,11,16,30,32,3,4
dlt,21036,8,17,25,28,33,7,11
dlt,21037,10,21,27,29,33,4,12
dlt,21038,9,11,20,29,32,1,7
dlt,21039,4,12,14,21,35,2,11
dlt,21040,2,3,9,16,19,3,7
dlt,21041,2,5,9,11,32,4,9
dlt,21042,9,15,20,23,29,4,5
dlt,21043,7,12,17,19,34,1,10
dlt,21044,6,18,31,33,35,10,11
dlt,21045,1,4,6,11,19,7,9
dlt,21046,6,8,12,14,18,6,8
dlt,21047,1,6,9,25,33,4,8
dlt,21048,4,7,17,21,27,10,12
dlt,21049,1,10,22,23,25,2,12
dlt,21050,9,22,32,33,35,5,10
dlt,21051,1,4,14,16,19,3,4
dlt,21052,2,11,13,14,30,9,12
dlt,21053,3,6,15,17,35,7,11
dlt,21054,3,6,17,20,25,3,9
dlt,21055,3,6,10,11,24,10,11
dlt,21056,3,11,16,21,26,9,10
dlt,21057,5,7,19,20,28,5,7
dlt,21058,13,15,17,23,34,1,11
dlt,21059,4,16,27,28,35,2,9
dlt,21060,9,13,25,31,33,3,7
dlt,21061,15,19,20,26,32,4,7
dlt,21062,4,6,23,32,34,5,7
dlt,21063,5,9,14,29,30,9,11
dlt,21064,1,17,19,32,34,6,10
dlt,21065,23,25,30,31,35,7,8
dlt,21066,24,26,29,34,35,9,11
dlt,21067,1,4,22,23,34,8,9
dlt,21068,2,20,21,26,30,2,10
dlt,21069,1,3,24,32,33,4,6
dlt,21070,3,20,21,22,24,6,12
dlt,21071,8,11,16,29,35,1,4
dlt,21072,2,3,15,22,26,3,11
dlt,21073,8,12,14,20,24,6,10
dlt,21074,11,14,18,20,25,3,7
dlt,21075,6,14,15,17,20,1,5
dlt,21076,6,13,22,25,26,2,4
dlt,21077,2,6,9,21,25,6,8
dlt,21078,2,8,17,19,25,1,5
dlt,21079,6,14,19,26,33,8,11
dlt,21080,15,16,20,29,30,6,10
dlt,21081,5,13,24,29,35,7,8
dlt,21082,1,14,22,29,33,3,10
dlt,21083,7,9,11,26,35,1,8
dlt,21084,2,10,14,30,33,6,9
dlt,21085,1,12,15,26,35,10,11
dlt,21086,2,3,7,16,17,6,10
dlt,21087,10,14,15,25,28,3,10
dlt,21088,2,14,31,34,35,1,7
dlt,21089,1,17,24,28,35,10,12
dlt,21090,6,7,19,26,32,6,12
dlt,21091,1,4,10,21,29,3,5
dlt,21092,12,14,27,28,34,3,7
dlt,21093,20,25,27,28,31,8,11
dlt,21094,5,6,24,27,33,5,12
dlt,21095,10,15,19,20,30,11,12
dlt,21096,7,8,10,20,21,1,5
dlt,21097,11,26,30,31,33,3,10
dlt,21098,2,7,21,27,33,7,9
dlt,21099,15,19,27,28,30,3,4
dlt,21100,7,11,23,26,28,2,7
dlt,21101,13,18,19,27,32,6,11
dlt,21102,2,8,11,16,23,2,7
dlt,21103,4,10,23,30,31,5,11
dlt,21104,23,25,26,30,33,3,11
dlt,21105,7,10,11,17,18,4,9
dlt,21106,2,13,14,32,34,2,12
dlt,21107,3,5,13,20,25,7,11
dlt,21108,5,19,22,26,35,2,6
dlt,21109,3,4,7,27,31,6,9
dlt,21110,11,14,29,31,32,11,12
dlt,21111,7,8,15,19,28,8,9
dlt,21112,18,21,22,23,35,11,12
dlt,21113,17,18,25,27,28,4,8
dlt,21114,8,9,13,29,30,1,11
dlt,21115,8,13,19,20,29,6,10
dlt,21116,4,25,28,29,35,3,11
dlt,21117,11,18,21,22,33,5,6
dlt,21118,14,17,18,28,34,2,3
dlt,21119,1,2,9,16,30,9,10
dlt,21120,5,10,21,25,31,5,11
dlt,21121,2,15,19,29,30,2,9
dlt,21122,14,15,26,27,29,4,5
dlt,21123,8,23,26,27,33,8,9
dlt,21124,10,17,22,25,35,7,9
dlt,21125,17,19,21,27,31,4,9
dlt,21126,1,11,12,34,35,9,12
dlt,21127,1,2,15,17,26,2,11
dlt,21128,14,17,18,23,27,5,8
dlt,21129,2,16,17,18,34,4,10
dlt,21130,2,3,14,27,28,5,10
dlt,21131,6,8,16,34,35,5,6
dlt,21132,4,21,28,29,33,3,11
dlt,21133,8,9,17,26,28,6,8
dlt,21134,2,6,14,19,28,1,6
dlt,21135,4,7,17,29,31,5,6
dlt,21136,8,12,19,27,33,2,5
dlt,21137,2,7,13,14,19,4,5
dlt,21138,9,11,12,15,31,5,11
dlt,21139,5,13,18,23,34,8,9
dlt,21140,5,24,26,33,35,9,12
dlt,21141,2,8,16,29,34,5,12
dlt,21142,11,13,17,19,25,2,9
dlt,21143,9,17,19,29,34,4,11
dlt,21144,3,20,25,30,34,2,9
dlt,21145,3,8,25,29,30,1,6
dlt,21146,3,5,8,18,20,9,11
dlt,21147,1,2,8,12,26,1,7
dlt,21148,1,4,12,16,29,4,8
dlt,21149,20,26,28,30,35,10,11
dlt,21150,4,10,11,23,26,7,10
dlt,22001,8,11,19,22,29,3,11
dlt,22002,4,6,7,9,24,4,12
dlt,22003,2,18,24,25,34,8,12
dlt,22004,7,20,27,30,33,3,4
dlt,22005,2,13,17,19,34,5,9
dlt,22006,1,5,7,17,20,5,12
dlt,22007,5,22,23,25,35,3,11
dlt,22008,1,2,13,18,34,6,7
dlt,22009,13,14,18,31,33,7,10
dlt,22010,4,19,25,31,35,2,11
dlt,22011,3,5,17,24,32,5,12
dlt,22012,3,5,10,33,34,7,10
dlt,22013,4,9,16,25,32,5,6
dlt,22014,1,4,10,18,32,1,9
dlt,22015,1,2,8,12,30,5,12
dlt,22016,1,7,17,26,32,1,9
dlt,22017,10,14,18,23,25,7,11
dlt,22018,16,21,29,31,34,6,9
dlt,22019,1,4,7,17,21,1,2
dlt,22020,16,17,30,31,35,8,9
dlt,22021,11,15,16,18,35,6,9
dlt,22022,1,5,14,17,28,6,7
dlt,22023,4,5,18,20,25,11,12
dlt,22024,1,2,11,30,35,1,12
dlt,22025,4,7,22,24,29,1,7
dlt,22026,11,14,22,23,27,8,10
dlt,22027,3,6,11,31,32,5,12
dlt,22028,4,9,16,17,35,1,7
dlt,22029,7,8,10,14,17,10,12
dlt,22030,12,14,15,21,30,1,9
dlt,22031,7,14,16,20,28,4,8
dlt,22032,5,9,18,31,32,1,5
dlt,22033,8,15,16,19,33,3,4
dlt,22034,2,10,24,27,28,6,7
dlt,22035,9,11,13,23,31,5,8
dlt,22036,18,19,21,26,34,6,7
dlt,22037,1,9,17,20,28,6,10
dlt,22038,7,9,11,12,26,9,12
dlt,22039,1,8,11,22,31,5,11
dlt,22040,10,19,25,29,33,8,12
dlt,22041,5,15,25,26,33,6,11
dlt,22042,8,10,11,29,32,2,6
dlt,22043,2,16,17,24,30,9,12
dlt,22044,1,2,16,17,20,3,7
dlt,22045,2,3,7,12,20,1,5
dlt,22046,6,7,12,22,27,3,5
dlt,22047,7,10,11,12,33,3,11
dlt,22048,16,22,28,29,32,8,9
dlt,22049,6,10,20,28,35,1,10
dlt,22050,2,10,21,24,30,8,10
dlt,22051,1,16,17,19,33,5,6
dlt,22052,1,13,18,29,35,4,9
dlt,22053,9,17,19,20,25,1,9
dlt,22054,5,16,21,23,34,7,10
dlt,22055,1,2,12,15,23,4,6
dlt,22056,2,11,15,17,31,7,9
dlt,22057,6,12,18,21,35,7,10
dlt,22058,3,4,24,26,35,7,8
dlt,22059,4,15,18,32,34,4,9
dlt,22060,2,6,10,11,20,3,9
dlt,22061,6,9,19,22,30,1,6
dlt,22062,5,9,11,12,31,7,11
dlt,22063,2,3,22,26,31,6,10
dlt,22064,2,19,22,25,35,5,7
dlt,22065,5,10,13,22,28,1,4
dlt,22066,2,24,25,26,34,3,12
dlt,22067,4,14,15,32,33,10,11
dlt,22068,3,6,10,15,23,3,8
dlt,22069,2,3,23,28,35,2,9
dlt,22070,1,7,17,23,35,7,11
dlt,22071,9,15,19,25,29,8,9
dlt,22072,1,12,13,15,30,3,7
dlt,22073,11,18,21,25,32,2,4
dlt,22074,2,6,21,25,28,2,6
dlt,22075,4,12,13,17,18,7,9
dlt,22076,5,17,30,34,35,2,9
dlt,22077,5,10,11,16,19,1,10
dlt,22078,2,3,18,20,27,1,2
dlt,22079,7,10,19,26,32,8,12
dlt,22080,10,17,30,31,34,3,6
dlt,22081,5,10,19,31,32,9,10
dlt,22082,4,26,27,30,33,2,9
dlt,22083,2,9,17,26,32,4,6
dlt,22084,3,11,19,25,27,4,12
dlt,22085,11,16,31,33,35,6,8
dlt,22086,4,10,21,28,31,8,11
dlt,22087,4,6,10,24,28,6,12
dlt,22088,1,8,10,20,35,6,11
dlt,22089,1,20,21,31,33,3,11
dlt,22090,1,20,24,25,31,9,12
dlt,22091,2,11,20,22,34,4,12
dlt,22092,1,4,12,23,29,5,12
dlt,22093,7,11,14,21,29,7,10
dlt,22094,3,4,7,12,19,2,5
dlt,22095,5,8,22,25,35,2,7
dlt,22096,16,19,24,27,33,1,6
dlt,22097,5,13,22,28,29,5,11
dlt,22098,1,3,6,11,13,3,11
dlt,22099,7,18,25,27,33,4,5
dlt,22100,10,19,20,23,31,3,7
dlt,22101,2,4,6,7,8,3,6
dlt,22102,1,5,14,20,30,2,4
dlt,22103,8,12,16,21,32,1,12
dlt,22104,3,5,13,19,25,2,5
dlt,22105,1,8,9,21,22,1,4
dlt,22106,16,17,21,28,32,4,7
dlt,22107,7,9,19,28,29,8,10
dlt,22108,4,7,13,26,28,7,11
dlt,22109,5,9,24,29,35,5,12
dlt,22110,2,13,16,18,23,3,6
dlt,22111,6,12,16,19,31,6,10
dlt,22112,4,11,18,20,26,6,12
dlt,22113,13,15,22,31,33,5,12
dlt,22114,11,21,24,27,28,5,10
dlt,22115,17,19,20,23,27,3,8
dlt,22116,1,7,20,22,31,7,12
dlt,22117,9,12,15,21,32,2,7
dlt,22118,2,5,15,17,26,2,8
dlt,22119,1,9,16,25,29,4,9
dlt,22120,11,22,26,30,33,3,5
dlt,22121,4,15,16,20,21,4,5
dlt,22122,4,15,17,19,25,6,12
dlt,22123,2,20,28,29,30,7,10
dlt,22124,2,4,11,25,30,6,12
dlt,22125,3,7,14,16,19,1,11
dlt,22126,4,5,8,22,35,1,3
dlt,22127,2,3,8,9,20,4,10
dlt,22128,10,19,21,23,35,4,10
dlt,22129,10,17,23,34,35,1,4
dlt,22130,5,7,15,18,23,5,10
dlt,22131,2,6,8,10,17,5,6
dlt,22132,2,27,30,34,35,9,12
dlt,22133,1,2,14,30,31,6,9
dlt,22134,3,16,23,27,32,3,6
dlt,22135,9,10,27,31,32,1,3
dlt,22136,1,11,15,17,33,3,11
dlt,22137,5,6,8,15,20,7,8
dlt,22138,5,13,16,27,33,7,12
dlt,22139,1,13,14,22,35,2,5
dlt,22140,5,15,25,26,29,4,12
dlt,22141,5,6,14,24,25,2,4
dlt,22142,7,12,14,29,35,1,11
dlt,22143,10,13,14,27,33,7,8
dlt,22144,3,4,8,15,21,4,7
dlt,22145,10,20,29,30,35,6,9
dlt,22146,1,21,23,28,35,7,9
dlt,22147,4,12,22,28,30,9,11
dlt,22148,4,5,6,26,27,7,12
dlt,22149,15,19,22,26,28,2,7
dlt,22150,6,7,26,29,30,3,12
dlt,23001,18,19,24,27,34,11,12
dlt,23002,11,14,21,26,27,2,7
dlt,23003,5,6,14,21,22,2,9
dlt,23004,4,13,15,20,22,4,8
dlt,23005,1,3,10,20,29,6,11
dlt,23006,2,4,12,27,35,6,7
dlt,23007,2,3,24,30,32,1,6
dlt,23008,4,9,17,22,25,1,5
dlt,23009,1,5,11,15,33,1,10
dlt,23010,5,6,13,23,26,1,6
dlt,23011,2,7,8,17,25,1,3
dlt,23012,7,16,17,18,28,2,3
dlt,23013,1,2,9,23,25,2,6
dlt,23014,3,8,18,22,24,1,9
dlt,23015,8,16,24,25,34,8,12
dlt,23016,2,4,12,31,32,7,11
dlt,23017,2,5,9,22,27,10,11
dlt,23018,4,8,17,26,30,3,11
dlt,23019,5,8,9,11,15,6,8
dlt,23020,5,6,23,25,28,6,9
dlt,23021,2,9,18,23,27,3,5
dlt,23022,7,11,15,26,28,8,10
dlt,23023,9,21,23,25,33,3,10
dlt,23024,11,15,24,27,30,1,10
dlt,23025,3,9,27,30,31,11,12
dlt,23026,2,13,24,27,30,1,6
dlt,23027,9,10,12,15,23,3,6
dlt,23028,1,3,29,30,34,4,12
dlt,23029,7,25,27,34,35,9,11
dlt,23030,6,11,12,20,35,5,12
dlt,23031,5,7,8,16,25,3,11
dlt,23032,5,6,18,28,30,2,7
dlt,23033,4,6,10,11,25,7,9
dlt,23034,7,9,10,15,24,4,12
dlt,23035,7,14,23,25,29,2,11
dlt,23036,1,13,22,26,31,2,10
dlt,23037,6,8,16,20,24,7,8
dlt,23038,4,10,18,27,32,10,12
dlt,23039,2,24,26,30,34,6,7
dlt,23040,4,5,18,22,30,5,12
dlt,23041,5,8,13,26,35,5,9
dlt,23042,2,16,21,23,27,1,8
dlt,23043,2,4,17,20,27,1,8
dlt,23044,2,6,7,8,15,7,10
dlt,23045,7,10,13,28,31,4,5
dlt,23046,13,21,25,28,32,2,10
dlt,23047,10,12,13,24,25,11,12
dlt,23048,7,13,16,25,32,9,11
dlt,23049,3,17,22,26,28,7,12
dlt,23050,8,9,14,25,29,4,6
dlt,23051,3,11,19,29,33,3,12
dlt,23052,2,8,11,30,33,5,8
dlt,23053,1,3,11,14,20,2,11
dlt,23054,19,25,30,31,34,7,9
dlt,23055,6,8,12,13,15,1,6
dlt,23056,13,22,24,33,34,1,2
dlt,23057,1,5,6,19,24,5,11
dlt,23058,19,22,29,32,35,5,8
dlt,23059,9,13,23,25,28,4,7
dlt,23060,2,7,19,24,30,9,12
dlt,23061,7,11,21,30,32,5,7
dlt,23062,6,8,22,24,30,1,8
dlt,23063,4,18,29,31,34,6,9
dlt,23064,2,6,9,31,32,3,7
dlt,23065,8,14,16,21,25,3,12
dlt,23066,6,11,13,30,32,1,3
dlt,23067,2,28,30,33,35,2,10
dlt,23068,21,22,24,27,31,7,8
dlt,23069,8,20,21,25,32,5,7
dlt,23070,10,26,29,32,33,3,11
dlt,23071,2,11,12,32,34,10,12
dlt,23072,5,6,9,11,14,2,4
dlt,23073,15,25,28,30,35,8,10
dlt,23074,3,13,22,29,34,2,9
dlt,23075,7,17,20,23,32,5,11
dlt,23076,8,9,11,26,34,2,7
dlt,23077,5,16,18,26,35,3,6
dlt,23078,2,3,6,26,27,7,8
dlt,23079,6,8,26,29,34,5,8
dlt,23080,1,2,9,16,30,1,11
dlt,23081,5,6,23,28,35,7,10
dlt,23082,2,8,9,15,20,3,9
dlt,23083,13,15,21,25,32,9,10
dlt,23084,3,5,8,24,32,7,8
dlt,23085,11,12,26,31,35,5,7
dlt,23086,3,11,15,20,35,7,11
dlt,23087,3,4,16,19,24,4,5
dlt,23088,8,14,16,22,24,9,12
dlt,23089,3,12,20,26,35,2,12
dlt,23090,8,11,12,19,35,11,12
dlt,23091,6,16,18,28,29,7,11
dlt,23092,3,16,21,26,32,3,12
dlt,23093,11,14,17,19,21,1,5
dlt,23094,12,19,22,28,32,8,12
dlt,23095,8,19,28,32,34,3,7
dlt,23096,6,7,14,21,31,3,10
dlt,23097,6,7,18,20,22,3,9
dlt,23098,2,7,15,30,34,5,9
dlt,23099,9,11,13,22,23,6,7
dlt,23100,4,6,13,19,35,9,11
dlt,23101,6,14,16,17,28,7,10
dlt,23102,2,4,7,16,33,7,11
dlt,23103,8,11,19,31,32,8,11
dlt,23104,6,15,16,32,33,8,10
dlt,23105,7,8,19,20,25,2,11
dlt,23106,16,24,26,28,31,1,6
dlt,23107,1,12,15,16,18,3,10
dlt,23108,5,6,17,30,32,2,8
dlt,23109,1,12,21,22,31,2,9
dlt,23110,4,9,11,13,17,7,8
dlt,23111,3,12,15,28,35,2,12
dlt,23112,1,11,17,22,27,2,9
dlt,23113,6,8,30,32,33,3,10
dlt,23114,2,25,27,30,35,1,10
dlt,23115,7,10,23,31,34,2,10
dlt,23116,1,3,9,18,29,4,9
dlt,23117,5,7,15,18,20,3,4
dlt,23118,6,7,13,25,33,5,8
dlt,23119,4,8,10,14,21,4,10
dlt,23120,2,8,16,31,34,1,10
dlt,23121,5,11,15,23,33,1,9
dlt,23122,1,7,9,25,29,10,12
dlt,23123,2,14,16,28,30,2,7
dlt,23124,6,18,23,27,32,6,10
dlt,23125,7,25,26,29,32,2,8
dlt,23126,7,12,17,26,34,2,6
dlt,23127,4,7,8,18,19,2,6
dlt,23128,1,5,7,12,13,2,6
dlt,23129,9,23,25,27,33,6,12
dlt,23130,13,20,27,29,30,1,7
dlt,23131,3,7,21,22,24,6,7
dlt,23132,3,4,12,15,23,2,6
dlt,23133,10,18,25,28,33,5,11
dlt,23134,10,15,22,27,33,1,12
dlt,23135,5,18,22,28,29,9,12
dlt,23136,13,23,27,30,34,6,9
dlt,23137,4,19,21,30,31,6,12
dlt,23138,7,12,20,28,31,9,10
dlt,23139,15,16,25,31,34,5,9
dlt,23140,1,2,9,19,30,1,2
dlt,23141,4,22,25,30,31,4,5
dlt,23142,4,13,15,17,32,10,12
dlt,23143,9,20,23,29,33,2,10
dlt,23144,5,14,18,25,35,1,10
dlt,23145,6,10,12,32,33,6,7
dlt,23146,14,18,19,26,31,2,7
dlt,23147,6,7,19,33,34,3,8
dlt,23148,11,12,20,21,27,2,12
dlt,23149,1,16,17,21,29,1,6
dlt,23150,5,6,17,18,33,11,12
dlt,24001,3,9,17,26,35,2,7
dlt,24002,1,6,8,27,32,3,4
dlt,24003,7,9,12,23,29,1,2
dlt,24004,2,6,18,19,27,8,9
dlt,24005,3,5,7,9,12,5,8
dlt,24006,8,13,16,17,33,2,10
dlt,24007,4,5,28,34,35,4,11
dlt,24008,4,6,11,20,30,3,5
dlt,24009,15,18,19,24,26,5,9
dlt,24010,2,8,10,15,27,2,8
dlt,24011,1,3,27,32,34,1,7
dlt,24012,21,22,25,26,34,1,9
dlt,24013,5,22,25,28,30,3,12
dlt,24014,4,5,16,21,31,9,11
dlt,24015,8,11,14,24,31,5,6
dlt,24016,15,18,25,27,29,6,11
dlt,24017,3,7,25,27,35,1,4
dlt,24018,4,12,19,25,27,1,9
dlt,24019,19,20,26,29,30,3,4
dlt,24020,2,4,8,19,26,2,6
dlt,24021,1,12,16,20,28,7,9
dlt,24022,7,9,11,31,32,4,8
dlt,24023,8,10,12,14,22,5,9
dlt,24024,3,5,12,17,26,1,12
dlt,24025,1,2,8,18,27,4,8
dlt,24026,1,18,21,26,33,2,12
dlt,24027,8,9,16,22,23,7,9
dlt,24028,13,18,20,26,28,4,8
dlt,24029,4,19,24,28,34,4,5
dlt,24030,8,9,11,19,30,6,12
dlt,24031,9,12,15,30,34,5,6
dlt,24032,5,15,26,33,35,1,9
dlt,24033,4,8,10,11,15,7,9
dlt,24034,23,26,27,29,33,5,8
dlt,24035,5,13,17,29,33,5,12
dlt,24036,2,5,11,32,34,6,10
dlt,24037,17,19,20,29,35,7,11
dlt,24038,15,22,24,25,29,1,5
dlt,24039,3,10,11,20,22,6,10
dlt,24040,5,12,16,29,30,3,6
dlt,24041,6,8,14,16,28,3,5
dlt,24042,1,8,15,23,35,5,12
dlt,24043,3,4,8,14,27,5,7
dlt,24044,3,13,15,17,22,6,10
dlt,24045,9,10,14,31,32,3,8
dlt,24046,6,12,17,29,30,7,11
dlt,24047,11,19,21,26,35,10,11
dlt,24048,12,18,21,26,28,8,9
dlt,24049,4,6,9,10,22,1,8
dlt,24050,3,4,14,18,26,7,9
dlt,24051,5,21,22,23,29,1,2
dlt,24052,2,3,13,22,34,4,8
dlt,24053,1,7,19,20,35,3,9
dlt,24054,5,6,9,11,22,1,3
dlt,24055,7,17,22,30,34,5,7
dlt,24056,16,17,18,27,35,6,12
dlt,24057,9,25,30,33,34,3,9
dlt,24058,6,10,13,20,32,1,2
dlt,24059,17,18,20,25,31,3,12
dlt,24060,3,21,25,28,30,1,12
dlt,24061,1,12,19,31,33,5,8
dlt,24062,5,14,15,16,33,3,5
dlt,24063,7,12,16,33,34,1,3
dlt,24064,5,12,21,32,33,8,9
dlt,24065,5,10,18,26,27,3,6
dlt,24066,13,19,20,24,25,6,7
dlt,24067,3,11,14,20,22,6,9
dlt,24068,15,20,31,32,33,5,10
dlt,24069,7,9,16,20,24,3,7
dlt,24070,4,20,21,32,34,2,9
dlt,24071,6,10,15,34,35,2,10
dlt,24072,4,17,21,23,32,1,6
dlt,24073,7,9,12,21,23,5,9
dlt,24074,2,10,11,21,27,9,11
dlt,24075,8,17,26,28,32,1,10
dlt,24076,1,6,22,27,35,7,12
dlt,24077,1,3,25,26,29,6,12
dlt,24078,5,7,10,14,15,4,7
dlt,24079,3,8,17,18,23,6,11
dlt,24080,3,5,24,27,28,9,11
dlt,24081,14,15,25,27,34,1,10
dlt,24082,8,21,23,24,26,4,5
dlt,24083,9,11,12,13,30,7,9
dlt,24084,4,11,16,17,23,5,10
dlt,24085,2,9,16,29,35,1,6
dlt,24086,11,12,14,22,28,7,11
dlt,24087,7,10,20,28,34,5,10
dlt,24088,1,2,23,28,32,3,5
dlt,24089,5,6,29,30,34,7,8
dlt,24090,2,3,6,28,33,7,11
dlt,24091,1,8,11,17,21,1,2
dlt,24092,2,4,25,26,31,1,6
dlt,24093,16,24,26,28,29,8,12
dlt,24094,12,13,24,29,31,2,8
dlt,24095,1,7,19,26,27,3,5
dlt,24096,2,3,23,27,31,1,10
dlt,24097,7,11,12,14,19,2,8
dlt,24098,3,10,15,19,29,9,10
dlt,24099,4,10,24,31,35,5,8
dlt,24100,2,12,19,22,32,5,11
dlt,24101,16,19,22,27,35,6,10
dlt,24102,1,5,9,14,20,5,11
dlt,24103,19,21,29,32,33,6,8
dlt,24104,1,4,9,13,17,6,9
dlt,24105,14,20,21,28,32,9,11
dlt,24106,5,11,19,22,29,2,12
dlt,24107,6,14,16,18,34,3,10
dlt,24108,16,17,21,31,34,3,8
dlt,24109,12,23,26,27,28,3,11
dlt,24110,1,7,8,18,28,4,12
dlt,24111,3,9,19,27,30,7,11
dlt,24112,5,15,24,31,34,3,10
dlt,24113,16,18,25,26,33,4,8
dlt,24114,12,27,30,34,35,5,11
dlt,24115,3,4,12,19,24,8,12
dlt,24116,1,3,6,16,25,1,11
dlt,24117,2,10,22,26,28,2,4
dlt,24118,1,3,9,16,19,5,11
dlt,24119,6,12,28,30,33,2,7
dlt,24120,4,12,17,23,27,2,8
dlt,24121,7,15,18,24,33,4,5
dlt,24122,5,6,9,15,17,3,10
dlt,24123,3,9,16,30,31,8,9
dlt,24124,2,3,7,10,25,1,11
dlt,24125,10,14,19,24,26,1,10
dlt,24126,2,10,17,28,34,7,8
dlt,24127,2,3,10,16,28,7,10
dlt,24128,3,7,10,29,31,1,3
dlt,24129,7,19,30,31,34,5,7
dlt,24130,11,21,25,31,32,4,10
dlt,24131,2,3,4,21,26,2,3
dlt,24132,5,6,10,16,31,6,9
dlt,24133,8,10,14,22,29,4,6
dlt,24134,1,4,7,13,33,5,6
dlt,24135,6,8,22,24,30,3,8
dlt,24136,1,17,20,29,34,7,8
dlt,24137,8,15,16,17,21,2,5
dlt,24138,5,17,20,28,34,4,9
dlt,24139,5,12,20,23,24,5,7
dlt,24140,3,6,15,23,31,1,12
dlt,24141,2,6,7,16,20,2,11
dlt,24142,8,21,24,33,34,3,10
dlt,24143,16,20,22,24,31,4,5
dlt,24144,6,7,8,21,30,1,5
dlt,24145,1,6,9,22,24,1,3
dlt,24146,5,20,21,22,32,3,4
dlt,24147,12,18,21,22,31,1,7
dlt,24148,6,9,20,32,35,8,11
dlt,24149,2,5,16,18,22,7,9
dlt,24150,4,11,23,25,34,5,7
dlt,24151,5,12,17,19,35,10,11
dlt,24152,1,2,7,8,31,2,10
dlt,25001,5,8,16,17,27,4,7
dlt,25002,19,21,22,28,32,6,9
dlt,25003,10,25,30,32,34,4,10
dlt,25004,2,5,9,13,33,1,7
dlt,25005,5,6,8,31,32,9,11
dlt,25006,3,4,13,19,35,3,10
dlt,25007,15,22,23,25,31,1,9
dlt,25008,1,5,7,13,35,5,12
dlt,25009,3,19,21,30,32,6,9
dlt,25010,5,21,28,30,32,7,12
dlt,25011,3,6,7,11,27,2,8
dlt,25012,2,18,19,21,25,2,11
dlt,25013,14,16,18,20,35,2,5
dlt,25014,5,19,22,29,35,2,10
dlt,25015,7,10,24,31,35,1,8
dlt,25016,5,7,12,20,29,8,12
dlt,25017,10,12,26,28,31,3,10
dlt,25018,1,7,9,20,28,1,4
dlt,25019,7,8,11,18,23,3,11
dlt,25020,1,9,12,22,29,5,9
dlt,25021,10,18,25,30,35,3,12
dlt,25022,1,11,13,27,29,4,10
dlt,25023,10,20,22,24,25,9,12
dlt,25024,6,12,13,16,23,5,8
dlt,25025,3,6,8,10,25,3,7
dlt,25026,2,3,7,17,30,1,9
dlt,25027,3,6,11,13,20,1,11
dlt,25028,6,8,20,25,29,3,7
dlt,25029,5,9,26,31,33,3,10
dlt,25030,3,9,14,24,28,6,7
dlt,25031,14,18,20,25,35,1,7
dlt,25032,12,22,25,27,28,1,2
dlt,25033,1,2,8,10,33,10,12
dlt,25034,4,15,22,28,33,6,8
dlt,25035,22,25,28,29,30,4,8
dlt,25036,4,7,13,27,30,2,6
dlt,25037,5,20,23,27,31,4,6
dlt,25038,7,8,20,26,34,8,9
dlt,25039,3,7,14,15,19,6,10
dlt,25040,2,8,16,31,32,4,12
dlt,25041,3,4,21,22,27,5,11
dlt,25042,6,8,11,18,20,5,11
dlt,25043,3,16,20,21,27,9,11
dlt,25044,15,17,21,22,26,2,8
dlt,25045,8,11,21,23,27,3,8
dlt,25046,4,10,15,20,34,4,7
dlt,25047,3,10,11,12,21,2,3
dlt,25048,2,6,17,23,35,6,11
dlt,25049,9,20,22,29,34,3,8
dlt,25050,15,18,20,21,34,4,10
dlt,25051,2,4,13,29,31,5,12
dlt,25052,2,4,11,29,30,2,8
dlt,25053,14,23,29,30,33,6,12
dlt,25054,3,12,16,21,29,1,2
dlt,25055,8,10,25,29,30,1,2
dlt,25056,12,15,28,29,32,8,11
dlt,25057,9,10,11,12,29,1,10
dlt,25058,6,11,15,21,23,1,7
dlt,25059,3,9,10,11,26,1,2
dlt,25060,12,14,19,33,34,1,7
dlt,25061,2,11,16,23,28,5,10
dlt,25062,14,20,27,28,29,6,10
dlt,25063,5,18,26,29,32,7,10
dlt,25064,5,10,18,20,34,1,8
dlt,25065,7,25,32,33,35,4,9
dlt,25066,15,18,27,28,34,3,6
dlt,25067,6,10,12,21,22,1,6
dlt,25068,1,4,17,20,22,4,10
dlt,25069,4,6,7,33,34,9,10
dlt,25070,8,9,15,20,22,4,12
dlt,25071,1,8,25,31,33,5,11
dlt,25072,4,7,15,24,29,1,4
dlt,25073,1,4,17,33,34,3,9
dlt,25074,2,11,15,18,21,5,10
dlt,25075,8,12,16,19,35,6,9
dlt,25076,11,18,22,25,29,4,12
dlt,25077,12,14,16,19,28,1,4
dlt,25078,7,10,15,21,24,5,6
dlt,25079,2,14,32,34,35,5,11
dlt,25080,9,10,18,22,24,3,12
dlt,25081,1,4,6,15,18,2,3
dlt,25082,2,3,4,12,26,1,8
dlt,25083,12,17,18,20,34,2,5
dlt,25084,9,11,13,18,29,4,11
dlt,25085,2,5,9,14,33,4,9
dlt,25086,2,6,23,24,33,1,10
dlt,25087,5,13,14,16,20,3,8
dlt,25088,8,9,10,11,35,5,11
dlt,25089,2,11,12,32,34,3,10
dlt,25090,6,14,19,22,27,1,4
dlt,25091,1,19,22,25,27,3,10
dlt,25092,4,10,17,25,32,5,7
dlt,25093,1,7,9,16,30,2,5
dlt,25094,4,9,17,30,33,5,9
dlt,25095,7,13,14,19,27,6,10
dlt,25096,2,11,17,22,24,7,9
dlt,25097,5,24,25,32,34,1,9
dlt,25098,1,7,9,10,23,10,12
dlt,25099,6,12,20,26,31,2,4
dlt,25100,26,28,32,34,35,2,7
dlt,25101,5,7,19,26,32,8,9
dlt,25102,9,10,13,26,28,2,4
dlt,25103,5,8,19,32,34,4,5
dlt,25104,2,6,9,22,34,2,8
dlt,25105,15,16,25,28,34,10,12
dlt,25106,5,6,11,26,29,5,10
dlt,25107,5,7,8,15,33,6,10
dlt,25108,14,18,21,24,29,3,6
dlt,25109,4,8,10,13,26,9,10
dlt,25110,1,15,22,30,31,2,8
dlt,25111,2,9,14,21,26,2,12
dlt,25112,3,4,21,23,24,9,12
dlt,25113,1,14,18,28,35,2,3
dlt,25114,3,8,9,12,16,1,5
dlt,25115,3,12,14,21,35,1,5
dlt,25116,2,6,16,22,29,8,12
dlt,25117,5,10,18,21,29,5,7
dlt,25118,2,8,9,12,21,4,5
dlt,25119,8,15,27,29,31,1,7
dlt,25120,11,13,22,26,35,2,8
dlt,25121,2,3,8,13,21,7,12
dlt,25122,2,3,6,16,17,4,5
dlt,25123,8,13,24,25,31,4,10
dlt,25124,6,9,14,26,27,8,9
dlt,25125,10,11,13,19,35,4,11
dlt,25126,1,8,18,27,30,6,7
dlt,25127,4,5,19,28,29,5,8
dlt,25128,3,6,26,30,33,11,12
dlt,25129,3,9,14,28,35,2,4
dlt,25130,1,13,16,27,29,2,11
dlt,25131,3,8,25,29,32,9,12
dlt,25132,1,9,10,12,19,6,7
dlt,25133,4,11,23,27,35,7,11
dlt,25134,7,12,18,27,33,9,10
dlt,25135,2,10,16,28,32,1,7
dlt,25136,7,11,15,16,23,9,11
dlt,25137,7,8,9,11,22,5,11
dlt,25138,1,3,19,21,23,7,11
dlt,25139,8,18,22,30,35,1,4
dlt,25140,4,5,13,18,34,2,8
dlt,25141,4,9,24,28,29,2,10
dlt,25142,9,10,14,27,29,2,9
dlt,25143,3,4,18,24,29,7,12
dlt,25144,2,5,13,15,28,5,8
dlt,25145,5,7,20,22,25,4,5
dlt,25146,6,11,13,16,22,2,3
dlt,25147,6,16,21,25,33,7,8
dlt,25148,3,4,14,30,32,8,12
dlt,25149,24,26,30,31,32,5,12
dlt,25150,13,14,15,28,31,1,5
dlt,26001,7,9,23,27,32,2,8
dlt,26002,4,8,15,20,31,7,8
dlt,26003,2,9,11,15,16,2,4
dlt,26004,5,18,23,25,32,5,9
dlt,26005,2,4,16,23,35,6,11
dlt,26006,5,12,18,23,35,6,12
dlt,26007,1,3,13,20,26,3,10
dlt,26008,3,6,17,21,33,5,11
dlt,26009,5,12,13,14,33,5,8
dlt,26010,2,3,13,18,26,2,9
dlt,26011,14,21,23,29,33,2,10
dlt,26012,1,2,9,22,25,1,6
dlt,26013,3,5,6,23,26,1,4
dlt,26014,16,18,23,34,35,1,6
dlt,26015,1,4,10,13,17,3,11
dlt,26016,8,9,12,19,24,1,6
dlt,26017,4,5,10,23,31,7,12
dlt,26018,9,11,19,30,35,1,12
dlt,26019,12,13,14,16,31,4,12
dlt,26020,1,10,21,23,29,10,12
dlt,26021,5,8,12,14,17,4,5
dlt,26022,5,9,10,18,26,5,6
dlt,26023,9,25,26,27,28,1,8
dlt,26024,2,4,8,10,21,9,12
dlt,26025,3,15,24,28,29,3,7
dlt,26026,10,11,22,26,32,1,8
dlt,26027,9,10,11,12,16,1,11
dlt,26028,15,27,29,30,34,1,10
dlt,26029,3,5,17,33,35,5,7
dlt,26030,2,13,22,28,34,5,12
dlt,26031,6,8,22,29,34,5,7
dlt,26032,3,4,19,26,32,1,12
dlt,26033,3,5,7,9,18,2,10
dlt,26034,11,12,25,26,27,8,11
dlt,26035,2,22,30,33,34,8,12
dlt,26036,4,7,16,26,32,5,8
dlt,26037,7,12,13,28,32,6,8
dlt,26038,8,17,21,33,35,6,7
dlt,26039,9,11,20,26,27,6,9
dlt,26040,6,12,13,21,34,8,9
dlt,26041,24,25,27,29,34,2,6
dlt,26042,2,7,13,19,24,3,8
