lottery_type,period_id,d1,d2,d3,d4,d5,d6,special
qxc,20100,5,6,0,0,2,1,7
qxc,20101,3,6,9,5,4,3,12
qxc,20102,9,5,3,3,3,3,9
qxc,20103,0,8,1,6,5,3,6
qxc,20104,5,0,9,9,3,1,0
qxc,20105,4,1,7,1,8,2,4
qxc,20106,3,1,8,9,0,8,1
qxc,20107,2,3,8,9,3,7,0
qxc,20108,3,3,2,0,5,1,6
qxc,20109,9,1,9,4,1,8,3
qxc,20110,6,4,5,7,5,8,2
qxc,20111,3,3,9,0,5,8,14
qxc,20112,0,4,4,4,9,4,6
qxc,20113,4,9,8,0,0,3,4
qxc,20114,8,8,7,3,4,5,0
qxc,20115,1,3,4,8,8,5,4
qxc,20116,9,7,3,0,3,1,10
qxc,20117,7,9,0,5,0,6,5
qxc,20118,7,5,1,1,6,8,14
qxc,20119,2,2,2,7,2,3,7
qxc,20120,5,0,4,0,4,8,14
qxc,20121,1,2,7,9,8,4,9
qxc,20122,6,0,1,9,8,7,9
qxc,20123,7,7,1,6,4,1,4
qxc,20124,4,1,0,9,5,2,11
qxc,20125,1,9,1,1,7,4,6
qxc,20126,9,7,1,3,8,3,13
qxc,20127,3,5,8,5,8,2,13
qxc,20128,4,2,9,7,1,8,1
qxc,20129,7,8,3,9,1,8,5
qxc,20130,5,3,9,8,0,6,4
qxc,20131,8,5,0,0,3,8,9
qxc,20132,5,5,2,9,7,9,6
qxc,20133,1,9,5,9,0,2,12
qxc,21001,5,2,1,0,3,5,13
qxc,21002,7,0,7,0,7,8,8
qxc,21003,9,7,2,3,8,1,14
qxc,21004,0,0,7,8,4,9,1
qxc,21005,0,9,5,3,7,0,0
qxc,21006,2,3,9,2,5,4,13
qxc,21007,1,8,2,9,0,1,12
qxc,21008,5,0,7,4,3,7,14
qxc,21009,9,7,9,0,8,8,5
qxc,21010,4,8,1,5,5,7,6
qxc,21011,5,6,5,6,3,0,4
qxc,21012,0,3,7,0,1,1,9
qxc,21013,6,7,2,0,4,4,9
qxc,21014,7,7,1,7,6,2,11
qxc,21015,7,7,6,5,4,8,11
qxc,21016,7,5,2,9,1,8,4
qxc,21017,5,2,2,0,7,9,11
qxc,21018,7,9,2,7,8,0,1
qxc,21019,4,5,9,0,8,2,6
qxc,21020,9,9,4,0,0,3,14
qxc,21021,2,8,5,4,8,5,8
qxc,21022,0,2,5,9,2,6,0
qxc,21023,9,3,9,7,9,2,14
qxc,21024,5,6,5,1,7,2,3
qxc,21025,4,4,1,8,0,0,10
qxc,21026,3,9,9,2,1,7,4
qxc,21027,9,3,7,6,3,2,0
qxc,21028,9,3,5,4,4,4,6
qxc,21029,5,5,4,4,0,8,6
qxc,21030,0,2,9,2,6,3,10
qxc,21031,8,6,8,6,1,7,1
qxc,21032,4,5,2,5,2,0,0
qxc,21033,0,7,6,2,3,7,9
qxc,21034,3,5,2,3,1,1,3
qxc,21035,1,3,6,5,7,8,4
qxc,21036,2,3,3,9,5,1,2
qxc,21037,7,8,1,0,0,2,13
qxc,21038,1,5,8,1,4,1,11
qxc,21039,0,7,0,2,8,4,14
qxc,21040,4,9,3,9,5,0,12
qxc,21041,7,2,8,8,9,0,14
qxc,21042,1,9,6,3,9,7,2
qxc,21043,4,6,0,2,1,3,5
qxc,21044,0,4,4,9,6,3,5
qxc,21045,2,6,0,0,2,8,14
qxc,21046,9,3,5,9,5,3,14
qxc,21047,4,0,1,9,8,3,13
qxc,21048,2,3,9,6,2,1,5
qxc,21049,3,4,4,4,0,5,14
qxc,21050,3,1,9,0,3,0,2
qxc,21051,4,6,0,0,3,9,14
qxc,21052,7,3,3,5,5,8,14
qxc,21053,1,4,3,6,4,6,11
qxc,21054,4,9,6,6,4,9,4
qxc,21055,5,1,8,4,7,3,14
qxc,21056,3,8,1,0,0,3,11
qxc,21057,8,6,1,1,5,2,7
qxc,21058,4,1,5,7,1,4,12
qxc,21059,8,9,6,6,6,2,14
qxc,21060,6,0,4,5,8,4,7
qxc,21061,4,5,4,6,0,2,8
qxc,21062,8,6,1,1,8,7,2
qxc,21063,9,5,4,8,2,9,3
qxc,21064,2,0,2,5,5,5,3
qxc,21065,8,7,4,0,8,6,10
qxc,21066,5,9,1,0,4,4,2
qxc,21067,7,0,8,8,8,1,3
qxc,21068,8,8,4,8,5,1,14
qxc,21069,2,5,4,9,5,3,2
qxc,21070,2,0,3,3,6,9,11
qxc,21071,7,6,3,7,5,3,11
qxc,21072,2,5,4,8,7,5,11
qxc,21073,3,5,9,3,3,4,5
qxc,21074,2,0,7,2,1,5,12
qxc,21075,1,9,5,4,2,7,10
qxc,21076,8,1,6,8,0,0,3
qxc,21077,1,2,8,6,2,6,11
qxc,21078,0,7,3,3,1,8,7
qxc,21079,1,1,2,5,0,8,11
qxc,21080,7,2,2,8,2,4,7
qxc,21081,5,2,7,3,0,3,4
qxc,21082,4,7,5,1,3,5,5
qxc,21083,9,8,8,4,7,9,13
qxc,21084,4,3,1,6,6,7,0
qxc,21085,0,3,5,9,3,2,7
qxc,21086,1,1,9,4,2,0,0
qxc,21087,3,6,2,9,8,8,3
qxc,21088,9,7,5,6,2,5,5
qxc,21089,3,8,5,9,8,3,10
qxc,21090,2,6,8,7,0,4,6
qxc,21091,8,6,9,4,7,3,5
qxc,21092,9,9,7,9,1,2,14
qxc,21093,7,5,6,7,3,9,8
qxc,21094,4,8,1,5,7,1,1
qxc,21095,4,6,5,7,6,7,6
qxc,21096,6,0,5,5,9,3,13
qxc,21097,0,5,5,4,4,5,0
qxc,21098,1,0,7,7,9,6,5
qxc,21099,4,0,0,3,7,8,7
qxc,21100,0,2,3,5,5,9,14
qxc,21101,8,1,5,6,0,8,10
qxc,21102,1,1,6,4,7,6,4
qxc,21103,5,5,6,9,9,8,3
qxc,21104,0,1,8,2,5,7,9
qxc,21105,3,8,2,8,1,3,2
qxc,21106,4,7,9,0,2,8,5
qxc,21107,3,9,3,1,9,2,0
qxc,21108,4,7,0,0,8,7,8
qxc,21109,4,3,0,7,9,4,13
qxc,21110,7,1,9,6,4,9,7
qxc,21111,1,9,9,9,0,5,5
qxc,21112,1,0,2,4,6,6,6
qxc,21113,0,5,4,0,1,8,5
qxc,21114,8,4,0,1,8,7,14
qxc,21115,5,3,7,8,0,6,11
qxc,21116,7,7,0,3,4,0,7
qxc,21117,6,9,6,1,7,9,9
qxc,21118,8,2,1,3,7,6,0
qxc,21119,5,6,2,6,8,9,14
qxc,21120,3,4,3,7,8,1,10
qxc,21121,5,9,5,7,0,2,8
qxc,21122,6,8,8,1,6,8,3
qxc,21123,2,4,2,0,0,7,0
qxc,21124,7,2,4,1,1,3,12
qxc,21125,0,6,5,3,7,7,11
qxc,21126,7,8,6,1,9,8,2
qxc,21127,2,3,2,9,3,4,0
qxc,21128,7,6,4,1,0,5,9
qxc,21129,1,8,3,1,1,7,7
qxc,21130,1,1,5,3,4,5,6
qxc,21131,1,2,4,9,9,2,6
qxc,21132,1,0,6,1,2,0,6
qxc,21133,0,2,7,2,5,1,11
qxc,21134,2,8,1,3,9,2,8
qxc,21135,4,3,6,2,3,3,9
qxc,21136,5,3,2,7,0,5,2
qxc,21137,5,6,4,6,2,3,11
qxc,21138,2,3,6,6,6,9,9
qxc,21139,2,8,3,0,6,0,14
qxc,21140,9,8,2,7,1,0,7
qxc,21141,4,0,4,7,0,0,13
qxc,21142,3,2,0,4,1,1,13
qxc,21143,8,0,6,4,5,6,10
qxc,21144,4,7,4,8,3,9,2
qxc,21145,6,0,7,3,0,2,4
qxc,21146,0,1,3,8,0,1,11
qxc,21147,1,6,0,2,7,9,3
qxc,21148,6,4,0,0,2,4,4
qxc,21149,7,8,0,8,0,7,9
qxc,21150,8,8,4,6,3,8,5
qxc,21151,6,1,3,6,6,1,13
qxc,22001,3,4,5,6,7,1,14
qxc,22002,6,6,3,6,8,8,13
qxc,22003,4,3,5,3,9,7,0
qxc,22004,9,0,6,2,4,4,11
qxc,22005,3,9,9,8,5,4,12
qxc,22006,8,7,5,8,8,0,9
qxc,22007,6,2,1,9,8,1,7
qxc,22008,6,2,7,6,5,8,5
qxc,22009,9,3,5,6,8,4,8
qxc,22010,1,1,5,8,3,9,0
qxc,22011,8,0,2,9,2,9,10
qxc,22012,2,3,1,2,3,8,9
qxc,22013,5,7,6,6,5,4,8
qxc,22014,3,1,3,8,2,5,6
qxc,22015,1,2,8,9,9,1,8
qxc,22016,6,4,6,5,6,6,9
qxc,22017,7,0,5,4,9,8,13
qxc,22018,7,4,9,4,7,3,0
qxc,22019,8,8,0,6,3,0,6
qxc,22020,2,6,5,9,5,0,1
qxc,22021,6,1,3,0,2,9,0
qxc,22022,4,1,0,4,8,1,12
qxc,22023,5,1,2,3,7,2,11
qxc,22024,8,2,6,5,3,5,12
qxc,22025,6,6,0,4,6,6,3
qxc,22026,1,6,4,8,1,7,1
qxc,22027,9,1,1,3,2,3,7
qxc,22028,1,1,2,8,1,4,5
qxc,22029,6,1,6,1,3,5,7
qxc,22030,2,8,4,9,2,5,8
qxc,22031,7,1,8,0,8,5,7
qxc,22032,9,3,9,8,2,1,13
qxc,22033,5,8,3,5,1,1,13
qxc,22034,0,4,3,0,6,5,9
qxc,22035,2,9,1,6,5,8,3
qxc,22036,3,2,1,0,1,6,9
qxc,22037,9,3,5,0,1,2,3
qxc,22038,1,9,5,5,7,7,12
qxc,22039,0,9,3,3,3,6,9
qxc,22040,2,9,5,8,8,9,0
qxc,22041,4,2,6,5,1,9,3
qxc,22042,9,6,4,2,0,1,5
qxc,22043,6,5,6,5,6,4,2
qxc,22044,5,0,5,6,9,9,6
qxc,22045,5,6,0,4,0,9,8
qxc,22046,4,5,0,1,1,3,8
qxc,22047,2,9,5,1,6,3,9
qxc,22048,6,5,3,3,9,4,14
qxc,22049,4,9,0,1,7,0,5
qxc,22050,5,5,3,4,2,4,0
qxc,22051,4,6,8,2,8,8,6
qxc,22052,7,3,9,1,5,6,11
qxc,22053,3,5,9,2,0,4,13
qxc,22054,3,7,3,7,1,9,1
qxc,22055,3,1,9,4,6,2,13
qxc,22056,6,5,6,3,5,0,14
qxc,22057,8,5,6,6,8,9,0
qxc,22058,4,4,1,7,4,0,14
qxc,22059,6,1,9,1,4,3,3
qxc,22060,1,3,1,4,4,9,9
qxc,22061,6,5,6,5,4,1,13
qxc,22062,4,2,1,0,3,0,3
qxc,22063,9,7,1,6,9,2,7
qxc,22064,6,3,8,3,3,0,7
qxc,22065,8,4,1,4,4,7,8
qxc,22066,0,1,2,8,7,2,13
qxc,22067,3,1,0,5,6,8,13
qxc,22068,8,3,9,1,6,8,4
qxc,22069,3,1,3,5,7,0,13
qxc,22070,1,6,8,6,9,9,5
qxc,22071,7,1,7,2,6,2,12
qxc,22072,4,1,3,8,9,3,9
qxc,22073,8,3,8,3,6,1,13
qxc,22074,2,9,0,3,1,1,14
qxc,22075,3,5,3,9,0,8,8
qxc,22076,1,7,8,5,3,8,5
qxc,22077,6,5,1,0,3,0,11
qxc,22078,6,9,4,2,8,8,2
qxc,22079,9,3,0,5,4,3,6
qxc,22080,0,3,9,9,8,0,13
qxc,22081,6,5,2,5,6,2,0
qxc,22082,9,5,2,9,7,0,8
qxc,22083,3,9,2,5,4,1,12
qxc,22084,9,4,2,8,9,2,11
qxc,22085,5,6,7,7,8,7,0
qxc,22086,4,6,4,9,6,3,2
qxc,22087,7,8,0,7,3,9,13
qxc,22088,6,9,6,2,6,4,6
qxc,22089,9,8,7,7,3,1,13
qxc,22090,4,2,4,2,6,2,4
qxc,22091,1,7,9,2,0,7,9
qxc,22092,8,7,8,3,7,5,4
qxc,22093,4,1,7,7,7,4,0
qxc,22094,4,1,6,3,3,1,14
qxc,22095,3,5,7,0,1,6,14
qxc,22096,1,7,8,7,0,6,10
qxc,22097,5,1,0,5,6,2,11
qxc,22098,1,6,8,5,4,4,12
qxc,22099,9,7,9,4,2,0,10
qxc,22100,0,7,4,2,5,6,6
qxc,22101,3,7,7,6,9,0,11
qxc,22102,7,2,5,7,0,5,9
qxc,22103,2,0,2,0,2,3,12
qxc,22104,3,9,5,0,1,6,2
qxc,22105,4,2,3,4,9,4,6
qxc,22106,5,8,0,0,7,9,3
qxc,22107,9,6,3,1,4,7,5
qxc,22108,2,8,5,7,7,2,10
qxc,22109,9,4,8,0,6,8,14
qxc,22110,4,7,7,1,0,8,12
qxc,22111,0,5,0,5,2,0,5
qxc,22112,8,9,2,0,1,1,11
qxc,22113,7,9,1,6,7,3,7
qxc,22114,8,8,9,5,2,6,13
qxc,22115,8,2,3,4,5,0,13
qxc,22116,2,5,9,7,9,1,4
qxc,22117,3,1,2,5,6,9,5
qxc,22118,8,1,0,7,7,1,12
qxc,22119,0,7,8,8,1,6,5
qxc,22120,6,0,8,3,9,4,7
qxc,22121,6,2,8,3,4,9,11
qxc,22122,2,6,4,7,4,9,5
qxc,22123,1,4,6,4,9,8,12
qxc,22124,3,8,4,5,4,9,0
qxc,22125,5,1,9,4,0,5,14
qxc,22126,3,4,4,5,3,3,13
qxc,22127,8,9,4,7,0,0,13
qxc,22128,2,3,6,9,7,1,12
qxc,22129,8,7,3,3,4,0,7
qxc,22130,7,8,0,3,4,8,4
qxc,22131,0,8,2,6,5,1,2
qxc,22132,2,4,7,9,1,2,8
qxc,22133,1,4,7,8,6,1,4
qxc,22134,4,7,9,6,7,2,6
qxc,22135,8,8,1,3,0,7,11
qxc,22136,5,2,2,3,5,4,12
qxc,22137,2,3,9,4,9,0,9
qxc,22138,8,4,5,1,1,4,6
qxc,22139,1,3,3,6,4,9,3
qxc,22140,8,2,4,8,0,4,10
qxc,22141,0,6,0,3,6,7,13
qxc,22142,3,0,3,6,2,7,12
qxc,22143,5,0,4,6,8,6,2
qxc,22144,2,8,7,9,7,7,5
qxc,22145,7,1,6,3,8,8,6
qxc,22146,1,2,0,1,4,1,5
qxc,22147,4,7,1,3,7,8,7
qxc,22148,7,2,9,3,3,1,9
qxc,22149,6,9,8,2,2,4,3
qxc,22150,9,6,9,0,9,0,13
qxc,23001,3,5,0,9,7,8,12
qxc,23002,9,8,4,3,0,4,10
qxc,23003,9,0,1,0,2,9,10
qxc,23004,1,2,5,7,7,9,7
qxc,23005,0,0,4,2,6,2,11
qxc,23006,4,1,0,4,9,4,9
qxc,23007,2,5,2,8,0,7,7
qxc,23008,2,8,3,2,7,8,11
qxc,23009,0,4,2,2,4,2,14
qxc,23010,3,3,9,4,2,9,5
qxc,23011,7,6,8,9,5,9,1
qxc,23012,4,7,6,3,0,0,0
qxc,23013,5,8,2,4,4,1,13
qxc,23014,1,5,2,4,1,6,11
qxc,23015,7,5,7,3,9,2,9
qxc,23016,5,2,7,8,1,8,10
qxc,23017,6,6,5,7,2,9,1
qxc,23018,2,8,0,4,2,3,4
qxc,23019,1,7,4,7,6,7,2
qxc,23020,2,2,5,4,9,5,3
qxc,23021,6,1,6,8,2,6,7
qxc,23022,7,9,9,7,7,6,11
qxc,23023,5,6,0,0,8,5,12
qxc,23024,6,6,9,2,0,8,1
qxc,23025,7,8,5,4,3,3,9
qxc,23026,0,7,3,3,2,2,4
qxc,23027,8,6,9,8,6,4,12
qxc,23028,5,1,2,6,0,1,13
qxc,23029,3,6,0,8,0,7,4
qxc,23030,1,1,4,4,8,5,10
qxc,23031,4,5,0,7,2,6,10
qxc,23032,0,8,0,4,1,4,10
qxc,23033,6,8,8,2,1,6,14
qxc,23034,7,2,4,5,0,6,13
qxc,23035,6,1,7,1,2,3,1
qxc,23036,9,8,0,9,6,5,12
qxc,23037,1,9,5,0,9,0,6
qxc,23038,1,8,5,8,3,5,1
qxc,23039,0,7,3,0,7,4,5
qxc,23040,8,2,1,4,6,5,3
qxc,23041,8,6,0,0,4,5,1
qxc,23042,0,2,0,5,6,0,5
qxc,23043,1,4,5,3,8,3,9
qxc,23044,8,1,3,5,3,8,5
qxc,23045,1,4,5,3,3,0,5
qxc,23046,3,8,2,8,4,1,12
qxc,23047,9,0,0,5,1,0,5
qxc,23048,1,1,7,8,0,7,12
qxc,23049,8,7,9,5,6,1,9
qxc,23050,4,0,9,8,7,3,7
qxc,23051,0,3,0,9,5,5,2
qxc,23052,1,7,3,6,7,1,7
qxc,23053,5,5,7,7,4,3,2
qxc,23054,9,9,9,9,2,7,8
qxc,23055,7,8,6,5,0,6,7
qxc,23056,6,4,8,8,8,7,13
qxc,23057,0,4,2,1,8,4,5
qxc,23058,1,9,2,8,7,5,12
qxc,23059,7,3,6,0,7,2,2
qxc,23060,8,7,1,4,2,9,13
qxc,23061,4,7,1,1,2,4,9
qxc,23062,6,2,6,9,2,9,5
qxc,23063,6,2,1,9,3,2,5
qxc,23064,2,6,1,5,7,7,0
qxc,23065,3,0,9,6,9,2,6
qxc,23066,2,2,4,3,8,5,3
qxc,23067,2,9,0,3,0,6,1
qxc,23068,9,1,0,1,0,1,11
qxc,23069,4,2,8,8,2,7,5
qxc,23070,8,7,9,2,6,2,9
qxc,23071,4,9,9,3,1,2,4
qxc,23072,8,7,0,2,5,8,4
qxc,23073,3,0,7,7,7,0,9
qxc,23074,0,8,1,6,3,2,12
qxc,23075,5,4,2,3,1,9,1
qxc,23076,9,9,3,2,5,8,4
qxc,23077,4,7,7,1,0,8,14
qxc,23078,3,4,4,7,1,2,5
qxc,23079,8,5,2,7,9,4,5
qxc,23080,8,4,1,7,8,6,10
qxc,23081,3,1,0,7,1,9,14
qxc,23082,6,4,3,8,3,8,11
qxc,23083,4,9,9,1,2,3,4
qxc,23084,0,1,5,8,7,0,10
qxc,23085,9,7,4,6,7,3,8
qxc,23086,7,0,9,8,2,5,5
qxc,23087,4,1,1,1,3,6,14
qxc,23088,5,6,2,5,0,7,10
qxc,23089,3,2,2,5,1,4,8
qxc,23090,3,3,9,1,8,7,12
qxc,23091,9,9,3,9,5,3,4
qxc,23092,2,1,1,1,2,6,5
qxc,23093,1,8,0,0,3,7,2
qxc,23094,3,6,4,2,2,8,2
qxc,23095,9,3,3,7,7,9,11
qxc,23096,4,5,6,2,8,4,11
qxc,23097,7,6,4,5,6,3,14
qxc,23098,1,6,0,9,4,9,1
qxc,23099,9,5,4,5,3,6,14
qxc,23100,9,4,3,9,3,1,6
qxc,23101,5,6,6,2,9,8,6
qxc,23102,5,9,0,4,3,1,0
qxc,23103,3,4,0,8,9,5,11
qxc,23104,9,4,4,8,2,8,10
qxc,23105,3,2,9,7,6,1,0
qxc,23106,0,5,8,1,2,5,7
qxc,23107,0,2,0,5,6,4,5
qxc,23108,0,1,9,8,9,9,13
qxc,23109,3,8,3,1,9,7,0
qxc,23110,3,5,1,4,3,0,6
qxc,23111,5,3,8,8,4,8,14
qxc,23112,1,8,1,6,8,8,9
qxc,23113,2,5,1,9,8,0,3
qxc,23114,6,1,5,3,3,1,14
qxc,23115,0,8,1,0,7,7,10
qxc,23116,1,2,5,5,3,5,6
qxc,23117,6,9,3,5,8,2,4
qxc,23118,4,0,4,5,4,4,11
qxc,23119,9,1,9,2,5,5,10
qxc,23120,6,9,3,6,7,8,14
qxc,23121,8,5,6,8,3,4,10
qxc,23122,3,6,1,5,9,8,12
qxc,23123,2,3,5,2,3,4,11
qxc,23124,8,3,0,9,5,1,8
qxc,23125,0,8,5,6,7,1,9
qxc,23126,2,8,1,9,6,3,10
qxc,23127,7,3,1,1,7,9,5
qxc,23128,5,2,1,2,7,4,11
qxc,23129,4,4,0,4,5,4,11
qxc,23130,7,5,6,8,0,9,12
qxc,23131,4,7,4,2,3,5,2
qxc,23132,7,2,0,7,9,3,1
qxc,23133,3,4,5,6,9,3,10
qxc,23134,9,9,0,6,5,8,11
qxc,23135,4,6,9,5,5,5,9
qxc,23136,7,9,7,1,9,1,5
qxc,23137,7,8,6,4,7,6,13
qxc,23138,4,6,7,2,7,5,7
qxc,23139,6,1,4,6,1,4,9
qxc,23140,0,0,0,3,6,9,2
qxc,23141,5,1,4,4,6,2,6
qxc,23142,1,2,6,0,9,5,13
qxc,23143,1,2,6,0,9,5,13
qxc,23144,1,2,1,9,7,0,0
qxc,23145,5,1,6,2,4,4,8
qxc,23146,1,2,9,8,0,1,6
qxc,23147,7,3,1,1,8,1,9
qxc,23148,0,4,8,1,0,6,3
qxc,23149,8,3,5,9,2,8,6
qxc,23150,1,6,1,2,9,3,5
qxc,23151,3,2,8,5,7,0,11
qxc,24001,9,8,8,4,3,1,9
qxc,24002,8,9,2,9,2,1,11
qxc,24003,0,5,1,4,6,2,11
qxc,24004,3,4,1,1,8,2,6
qxc,24005,9,1,7,5,9,5,7
qxc,24006,3,2,3,4,1,6,4
qxc,24007,2,0,9,9,7,2,3
qxc,24008,5,9,9,0,9,2,1
qxc,24009,4,3,5,1,8,7,9
qxc,24010,6,7,9,3,1,1,4
qxc,24011,2,1,9,2,5,9,10
qxc,24012,1,5,7,3,4,5,10
qxc,24013,1,0,2,1,6,6,4
qxc,24014,3,7,1,9,0,5,5
qxc,24015,2,1,1,7,4,0,11
qxc,24016,5,9,3,5,8,4,10
qxc,24017,1,3,9,5,7,1,3
qxc,24018,9,4,7,8,2,1,0
qxc,24019,5,8,2,7,4,5,4
qxc,24020,1,6,5,3,2,3,14
qxc,24021,1,9,6,4,7,5,6
qxc,24022,1,6,7,6,4,6,6
qxc,24023,4,0,2,0,4,4,13
qxc,24024,2,0,4,4,6,2,1
qxc,24025,4,1,8,1,3,0,13
qxc,24026,2,6,1,0,4,7,10
qxc,24027,3,1,4,3,4,8,1
qxc,24028,7,9,2,5,6,4,3
qxc,24029,0,4,1,5,7,2,8
qxc,24030,7,5,8,2,7,9,3
qxc,24031,5,6,8,6,3,6,8
qxc,24032,7,5,6,9,5,7,4
qxc,24033,8,3,4,0,2,1,12
qxc,24034,9,1,7,3,3,5,3
qxc,24035,5,0,7,9,7,9,7
qxc,24036,1,7,5,5,2,9,8
qxc,24037,1,1,0,8,1,9,0
qxc,24038,7,8,9,9,2,2,4
qxc,24039,1,5,5,3,1,2,9
qxc,24040,6,2,2,0,7,2,7
qxc,24041,9,8,9,8,8,8,1
qxc,24042,8,0,1,5,3,0,2
qxc,24043,6,7,2,3,3,8,11
qxc,24044,1,9,9,6,7,0,2
qxc,24045,5,2,9,7,6,9,7
qxc,24046,4,3,8,5,2,4,6
qxc,24047,4,2,7,6,4,5,2
qxc,24048,5,5,6,7,0,2,5
qxc,24049,3,5,3,8,8,1,1
qxc,24050,4,9,6,9,2,6,3
qxc,24051,5,6,5,5,7,7,1
qxc,24052,1,3,5,0,9,4,14
qxc,24053,1,9,6,3,6,9,10
qxc,24054,8,6,2,3,1,4,7
qxc,24055,6,5,2,7,6,3,14
qxc,24056,8,6,3,3,8,9,8
qxc,24057,1,9,6,8,6,2,10
qxc,24058,3,9,3,1,7,8,12
qxc,24059,7,0,8,5,2,6,4
qxc,24060,2,4,7,0,7,1,1
qxc,24061,1,5,9,0,3,7,1
qxc,24062,4,7,3,1,8,9,6
qxc,24063,6,3,1,5,3,6,3
qxc,24064,8,4,4,4,2,1,10
qxc,24065,9,5,5,1,4,4,6
qxc,24066,7,1,5,6,3,4,0
qxc,24067,3,4,6,4,3,0,8
qxc,24068,6,5,8,3,2,3,7
qxc,24069,8,0,7,2,1,8,2
qxc,24070,5,5,8,8,3,8,14
qxc,24071,3,9,9,2,2,7,5
qxc,24072,5,4,2,7,7,6,12
qxc,24073,7,4,1,7,8,3,10
qxc,24074,5,2,8,1,7,9,5
qxc,24075,6,5,9,8,8,1,11
qxc,24076,2,4,1,2,4,8,4
qxc,24077,6,2,3,2,8,8,0
qxc,24078,9,3,4,9,1,3,11
qxc,24079,8,3,2,0,4,9,11
qxc,24080,4,5,9,7,9,0,0
qxc,24081,2,7,4,8,2,5,1
qxc,24082,5,7,7,6,7,7,0
qxc,24083,4,6,6,2,0,8,10
qxc,24084,1,5,6,6,5,3,9
qxc,24085,4,3,7,6,3,7,4
qxc,24086,7,5,8,0,3,4,11
qxc,24087,0,1,1,7,6,3,0
qxc,24088,5,6,3,9,9,1,1
qxc,24089,2,9,2,0,1,6,8
qxc,24090,4,6,1,6,8,0,3
qxc,24091,7,6,1,1,9,4,4
qxc,24092,3,0,4,7,2,2,8
qxc,24093,2,3,0,0,7,9,13
qxc,24094,6,3,3,3,5,6,6
qxc,24095,7,6,9,0,3,6,2
qxc,24096,2,2,7,5,9,0,6
qxc,24097,9,8,0,1,5,0,2
qxc,24098,2,4,3,9,5,7,9
qxc,24099,1,1,7,7,7,1,3
qxc,24100,8,8,7,2,8,5,12
qxc,24101,6,2,5,0,3,3,6
qxc,24102,3,4,9,7,2,9,8
qxc,24103,0,6,2,5,8,5,6
qxc,24104,5,0,8,2,6,8,0
qxc,24105,1,4,4,0,2,0,2
qxc,24106,3,4,9,3,2,8,5
qxc,24107,3,8,5,7,9,0,2
qxc,24108,3,7,5,7,6,2,14
qxc,24109,9,6,9,3,2,1,14
qxc,24110,5,4,1,5,4,1,5
qxc,24111,3,4,2,4,1,1,0
qxc,24112,5,3,1,6,7,3,4
qxc,24113,2,4,6,3,4,4,10
qxc,24114,7,8,1,6,7,4,1
qxc,24115,8,4,4,8,8,9,5
qxc,24116,0,4,6,7,3,4,9
qxc,24117,1,4,8,4,7,5,6
qxc,24118,9,9,6,9,7,0,6
qxc,24119,0,7,3,1,9,5,6
qxc,24120,0,8,3,0,4,8,4
qxc,24121,2,0,7,8,8,1,4
qxc,24122,3,7,6,8,2,1,11
qxc,24123,0,3,1,6,2,1,10
qxc,24124,3,7,7,5,3,0,9
qxc,24125,9,9,2,9,9,0,11
qxc,24126,9,8,0,2,5,1,0
qxc,24127,7,7,6,5,8,2,2
qxc,24128,9,3,0,0,9,8,1
qxc,24129,4,0,6,6,4,7,5
qxc,24130,7,8,0,0,8,3,6
qxc,24131,5,2,2,9,9,3,12
qxc,24132,5,4,2,8,0,3,5
qxc,24133,2,7,7,2,9,5,5
qxc,24134,1,3,9,8,8,8,10
qxc,24135,0,2,5,3,9,7,12
qxc,24136,7,7,7,8,1,6,1
qxc,24137,3,9,1,9,2,8,0
qxc,24138,4,6,5,1,7,2,14
qxc,24139,9,7,0,1,5,4,5
qxc,24140,2,9,6,1,2,6,3
qxc,24141,1,5,8,5,1,3,8
qxc,24142,5,8,9,9,3,2,9
qxc,24143,2,8,7,1,2,9,4
qxc,24144,3,9,9,3,5,9,10
qxc,24145,9,1,3,8,7,0,4
qxc,24146,0,2,6,2,0,9,13
qxc,24147,4,8,2,9,0,4,6
qxc,24148,4,6,5,0,9,8,11
qxc,24149,0,7,0,8,4,8,2
qxc,24150,3,4,6,7,6,6,10
qxc,24151,7,6,4,0,8,5,0
qxc,25001,2,3,3,0,9,2,0
qxc,25002,6,9,6,4,2,8,14
qxc,25003,8,9,3,5,4,8,11
qxc,25004,4,7,2,0,0,2,5
qxc,25005,1,6,3,3,2,4,3
qxc,25006,6,6,4,1,2,5,11
qxc,25007,0,2,7,5,0,2,1
qxc,25008,1,1,3,8,2,4,10
qxc,25009,8,3,7,8,7,4,6
qxc,25010,3,4,8,4,1,0,3
qxc,25011,1,8,7,2,7,9,14
qxc,25012,4,5,6,7,9,5,11
qxc,25013,3,7,4,7,9,0,7
qxc,25014,6,7,5,1,3,5,3
qxc,25015,0,3,6,5,4,9,13
qxc,25016,9,1,5,4,7,6,11
qxc,25017,1,3,0,6,6,8,10
qxc,25018,6,9,6,6,4,2,10
qxc,25019,0,5,0,5,2,3,10
qxc,25020,7,9,8,2,0,5,9
qxc,25021,3,2,2,1,2,8,13
qxc,25022,1,2,0,4,0,6,5
qxc,25023,1,2,4,5,5,7,8
qxc,25024,9,0,7,0,7,0,0
qxc,25025,8,8,6,4,0,1,14
qxc,25026,9,5,4,3,4,8,12
qxc,25027,8,2,3,5,6,0,12
qxc,25028,3,4,1,6,9,7,3
qxc,25029,1,4,9,0,5,7,1
qxc,25030,6,4,7,8,8,8,14
qxc,25031,4,7,8,1,3,5,7
qxc,25032,9,0,5,0,2,5,9
qxc,25033,1,7,7,7,6,6,8
qxc,25034,0,9,2,8,4,0,6
qxc,25035,6,6,6,8,0,3,8
qxc,25036,2,8,4,8,6,5,9
qxc,25037,0,2,2,2,6,6,7
qxc,25038,9,4,9,1,3,5,2
qxc,25039,3,4,5,7,3,3,4
qxc,25040,7,8,3,3,9,8,9
qxc,25041,7,5,1,8,7,1,4
qxc,25042,6,3,9,7,9,7,4
qxc,25043,0,3,0,8,5,7,11
qxc,25044,0,6,1,9,0,8,11
qxc,25045,2,3,4,6,5,1,1
qxc,25046,8,5,7,2,6,2,2
qxc,25047,3,5,2,1,0,3,12
qxc,25048,2,1,7,8,7,8,2
qxc,25049,2,3,5,4,8,7,5
qxc,25050,7,8,3,1,1,1,4
qxc,25051,0,3,3,0,5,4,11
qxc,25052,1,5,9,2,7,0,8
qxc,25053,5,0,0,6,3,4,10
qxc,25054,9,4,1,3,1,5,4
qxc,25055,1,4,6,1,1,7,1
qxc,25056,6,0,7,4,8,2,2
qxc,25057,0,8,7,0,0,6,3
qxc,25058,1,3,6,6,8,6,13
qxc,25059,6,4,6,7,9,5,14
qxc,25060,0,5,1,7,7,0,5
qxc,25061,2,7,0,6,3,6,5
qxc,25062,1,2,6,6,8,2,5
qxc,25063,5,4,9,2,7,5,12
qxc,25064,0,2,9,3,8,3,6
qxc,25065,2,0,0,8,5,8,10
qxc,25066,6,8,5,7,4,4,1
qxc,25067,2,2,1,9,1,4,2
qxc,25068,3,9,0,7,7,2,3
qxc,25069,5,3,5,4,2,5,3
qxc,25070,2,6,5,9,2,5,11
qxc,25071,5,0,3,7,2,5,0
qxc,25072,0,8,5,7,0,3,1
qxc,25073,1,4,2,6,3,5,12
qxc,25074,4,8,9,7,7,3,6
qxc,25075,2,9,1,7,1,8,5
qxc,25076,7,1,7,2,8,3,1
qxc,25077,0,2,3,4,5,2,6
qxc,25078,3,2,8,7,0,5,3
qxc,25079,5,7,2,7,6,4,11
qxc,25080,3,1,1,9,7,1,2
qxc,25081,4,1,9,0,2,3,2
qxc,25082,1,8,5,9,6,3,10
qxc,25083,5,4,5,0,7,5,7
qxc,25084,1,4,5,6,0,6,4
qxc,25085,9,4,5,4,3,8,2
qxc,25086,9,7,6,3,1,6,13
qxc,25087,1,6,4,7,6,4,14
qxc,25088,5,4,6,6,0,4,14
qxc,25089,7,1,9,6,0,0,14
qxc,25090,9,5,1,8,0,8,6
qxc,25091,2,0,4,9,3,8,8
qxc,25092,9,7,0,2,0,1,4
qxc,25093,0,7,4,8,2,8,10
qxc,25094,6,1,0,6,4,1,12
qxc,25095,6,1,5,2,9,3,13
qxc,25096,2,6,3,0,4,7,9
qxc,25097,3,9,7,3,6,5,6
qxc,25098,2,4,8,4,0,7,8
qxc,25099,7,2,3,9,4,5,12
qxc,25100,0,7,4,3,4,6,6
qxc,25101,5,0,5,0,3,6,12
qxc,25102,7,7,7,6,6,8,8
qxc,25103,7,6,2,2,4,0,3
qxc,25104,9,1,2,3,7,9,0
qxc,25105,7,8,7,3,4,7,0
qxc,25106,9,2,6,9,2,1,3
qxc,25107,8,4,8,8,2,0,3
qxc,25108,0,2,1,1,9,1,9
qxc,25109,3,6,7,1,8,3,13
qxc,25110,6,5,2,8,1,9,12
qxc,25111,9,0,4,8,4,2,11
qxc,25112,5,5,7,1,4,6,10
qxc,25113,0,9,1,4,1,1,8
qxc,25114,8,3,3,2,8,3,3
qxc,25115,1,7,0,6,2,9,12
qxc,25116,6,6,4,2,3,1,9
qxc,25117,4,5,4,2,7,1,4
qxc,25118,7,0,4,1,7,7,11
qxc,25119,3,9,8,9,5,9,10
qxc,25120,8,5,1,1,9,6,8
qxc,25121,8,4,8,1,4,5,3
qxc,25122,8,3,5,2,6,5,10
qxc,25123,8,0,6,5,7,9,7
qxc,25124,4,0,0,8,8,0,10
qxc,25125,4,5,6,3,8,7,9
qxc,25126,2,9,6,6,2,4,12
qxc,25127,4,1,9,0,7,5,6
qxc,25128,3,2,1,1,1,2,12
qxc,25129,9,7,0,6,3,7,3
qxc,25130,7,0,4,0,3,4,5
qxc,25131,3,5,0,2,1,1,0
qxc,25132,3,2,3,6,9,9,9
qxc,25133,2,4,7,9,1,3,4
qxc,25134,3,4,9,8,8,9,13
qxc,25135,8,6,7,2,6,1,9
qxc,25136,8,9,5,9,9,4,0
qxc,25137,6,4,9,7,5,8,2
qxc,25138,9,2,3,5,1,0,0
qxc,25139,7,8,3,4,9,8,3
qxc,25140,3,0,6,9,2,7,11
qxc,25141,4,1,9,5,3,0,4
qxc,25142,4,2,4,9,9,1,6
qxc,25143,0,1,6,3,7,6,7
qxc,25144,0,5,1,2,0,4,7
qxc,25145,8,9,0,9,9,8,6
qxc,25146,6,4,0,8,5,6,13
qxc,25147,1,5,6,0,1,3,5
qxc,25148,2,7,0,9,4,8,10
qxc,25149,2,8,8,6,5,2,7
qxc,25150,8,5,3,1,8,7,1
qxc,25151,8,8,7,5,7,6,9
qxc,26001,1,1,1,2,4,1,1
qxc,26002,3,4,5,5,9,8,9
qxc,26003,5,5,1,9,3,1,0
qxc,26004,4,4,1,5,3,6,1
qxc,26005,4,4,8,6,6,4,14
qxc,26006,8,1,8,5,6,4,0
qxc,26007,5,0,3,9,5,9,0
qxc,26008,4,5,4,1,9,9,14
qxc,26009,8,0,1,9,5,6,2
qxc,26010,8,3,9,2,6,3,2
qxc,26011,6,3,5,2,7,3,13
qxc,26012,6,4,0,6,6,8,6
qxc,26013,9,5,5,2,3,6,6
qxc,26014,9,8,8,2,5,1,1
qxc,26015,0,1,9,9,1,1,5
qxc,26016,6,4,3,7,3,4,13
qxc,26017,8,0,2,6,8,0,0
qxc,26018,2,9,3,6,5,7,2
qxc,26019,6,0,8,8,2,7,1
qxc,26020,5,5,0,9,5,6,4
qxc,26021,6,4,3,5,6,3,2
qxc,26022,7,9,9,1,0,2,3
qxc,26023,2,8,3,8,4,8,13
qxc,26024,5,4,4,9,0,3,12
qxc,26025,8,4,0,5,5,3,13
qxc,26026,2,6,9,8,3,8,14
qxc,26027,8,7,7,3,6,0,9
qxc,26028,7,9,8,0,1,1,6
qxc,26029,1,4,0,4,3,2,11
qxc,26030,1,9,8,1,5,9,13
qxc,26031,6,8,9,5,2,2,13
qxc,26032,3,1,6,4,4,5,14
qxc,26033,1,8,9,1,9,3,14
qxc,26034,3,9,9,1,5,3,5
qxc,26035,7,4,2,7,2,7,2
qxc,26036,2,8,8,9,7,9,8
qxc,26037,9,9,6,9,4,0,1
qxc,26038,0,7,1,3,0,2,13
qxc,26039,0,6,6,2,5,2,12
qxc,26040,0,7,7,1,8,7,4
qxc,26041,7,9,1,1,4,9,13
qxc,26042,6,5,1,8,1,3,6
qxc,26043,6,5,9,5,8,9,11
qxc,26044,7,6,2,0,9,1,1
qxc,26045,1,3,2,8,9,6,14
qxc,26046,8,8,5,6,2,3,13
qxc,26047,3,9,8,2,5,0,8
qxc,26048,4,5,2,9,6,1,5
